product_id,category,product_type,size,opening_stock,units_received,units_sold,units_returned,closing_stock,sell_through_pct,rate_of_sale_per_week,weeks_of_cover,stock_health_status,mrp,stock_value_at_mrp,stock_value_at_cost,reorder_recommended,snapshot_date
TSS-0001,Marvel,Oversized T-Shirt,XS,6,140,0,0,146,0.0,0.0,999.0,Overstocked,999,145854,50370.0,False,2024-11-30
TSS-0001,Marvel,Oversized T-Shirt,S,23,0,0,0,23,0.0,0.0,999.0,Normal,999,22977,7935.0,False,2024-11-30
TSS-0001,Marvel,Oversized T-Shirt,M,63,0,1,0,62,1.6,0.01,999.0,Overstocked,999,61938,21390.0,False,2024-11-30
TSS-0001,Marvel,Oversized T-Shirt,L,48,0,1,0,47,2.1,0.01,999.0,Normal,999,46953,16215.0,False,2024-11-30
TSS-0001,Marvel,Oversized T-Shirt,XL,36,33,1,0,68,1.4,0.01,999.0,Overstocked,999,67932,23460.0,False,2024-11-30
TSS-0001,Marvel,Oversized T-Shirt,XXL,15,0,0,0,15,0.0,0.0,999.0,Normal,999,14985,5175.0,False,2024-11-30
TSS-0002,Marvel,Oversized T-Shirt,XS,12,83,0,0,95,0.0,0.0,999.0,Overstocked,899,85405,33060.0,False,2024-11-30
TSS-0002,Marvel,Oversized T-Shirt,S,49,0,0,0,49,0.0,0.0,999.0,Normal,899,44051,17052.0,False,2024-11-30
TSS-0002,Marvel,Oversized T-Shirt,M,116,0,0,0,116,0.0,0.0,999.0,Overstocked,899,104284,40368.0,False,2024-11-30
TSS-0002,Marvel,Oversized T-Shirt,L,99,22,0,0,121,0.0,0.0,999.0,Overstocked,899,108779,42108.0,False,2024-11-30
TSS-0002,Marvel,Oversized T-Shirt,XL,58,0,0,0,58,0.0,0.0,999.0,Overstocked,899,52142,20184.0,False,2024-11-30
TSS-0002,Marvel,Oversized T-Shirt,XXL,21,0,0,0,21,0.0,0.0,999.0,Normal,899,18879,7308.0,False,2024-11-30
TSS-0003,Marvel,Classic T-Shirt,XS,9,111,0,0,120,0.0,0.0,999.0,Overstocked,699,83880,29400.0,False,2024-11-30
TSS-0003,Marvel,Classic T-Shirt,S,43,57,1,0,99,1.0,0.01,999.0,Overstocked,699,69201,24255.0,False,2024-11-30
TSS-0003,Marvel,Classic T-Shirt,M,86,73,3,0,156,1.9,0.03,999.0,Overstocked,699,109044,38220.0,False,2024-11-30
TSS-0003,Marvel,Classic T-Shirt,L,68,0,2,0,66,2.9,0.02,999.0,Overstocked,699,46134,16170.0,False,2024-11-30
TSS-0003,Marvel,Classic T-Shirt,XL,44,0,1,0,43,2.3,0.01,999.0,Normal,699,30057,10535.0,False,2024-11-30
TSS-0003,Marvel,Classic T-Shirt,XXL,14,60,1,0,73,1.4,0.01,999.0,Overstocked,699,51027,17885.0,False,2024-11-30
TSS-0004,Marvel,Classic T-Shirt,XS,9,117,0,0,126,0.0,0.0,999.0,Overstocked,699,88074,31248.0,False,2024-11-30
TSS-0004,Marvel,Classic T-Shirt,S,40,101,1,0,140,0.7,0.01,999.0,Overstocked,699,97860,34720.0,False,2024-11-30
TSS-0004,Marvel,Classic T-Shirt,M,76,65,1,0,140,0.7,0.01,999.0,Overstocked,699,97860,34720.0,False,2024-11-30
TSS-0004,Marvel,Classic T-Shirt,L,54,120,2,0,172,1.1,0.01,999.0,Overstocked,699,120228,42656.0,False,2024-11-30
TSS-0004,Marvel,Classic T-Shirt,XL,44,11,1,0,54,1.8,0.01,999.0,Overstocked,699,37746,13392.0,False,2024-11-30
TSS-0004,Marvel,Classic T-Shirt,XXL,16,94,0,0,110,0.0,0.0,999.0,Overstocked,699,76890,27280.0,False,2024-11-30
TSS-0005,Marvel,Hoodie,XS,2,0,0,0,2,0.0,0.0,999.0,Low Stock,1699,3398,1148.0,True,2024-11-30
TSS-0005,Marvel,Hoodie,S,9,22,1,0,30,3.2,0.01,999.0,Normal,1699,50970,17220.0,False,2024-11-30
TSS-0005,Marvel,Hoodie,M,16,0,1,0,15,6.2,0.01,999.0,Normal,1699,25485,8610.0,False,2024-11-30
TSS-0005,Marvel,Hoodie,L,20,92,2,0,110,1.8,0.01,999.0,Overstocked,1699,186890,63140.0,False,2024-11-30
TSS-0005,Marvel,Hoodie,XL,12,67,1,0,78,1.3,0.01,999.0,Overstocked,1699,132522,44772.0,False,2024-11-30
TSS-0005,Marvel,Hoodie,XXL,4,125,0,0,129,0.0,0.0,999.0,Overstocked,1699,219171,74046.0,False,2024-11-30
TSS-0006,Marvel,Hoodie,XS,15,112,0,0,127,0.0,0.0,999.0,Overstocked,1599,203073,85090.0,False,2024-11-30
TSS-0006,Marvel,Hoodie,S,43,0,1,0,42,2.3,0.01,999.0,Normal,1599,67158,28140.0,False,2024-11-30
TSS-0006,Marvel,Hoodie,M,95,126,2,0,219,0.9,0.02,999.0,Overstocked,1599,350181,146730.0,False,2024-11-30
TSS-0006,Marvel,Hoodie,L,99,126,2,0,223,0.9,0.02,999.0,Overstocked,1599,356577,149410.0,False,2024-11-30
TSS-0006,Marvel,Hoodie,XL,45,0,1,0,44,2.2,0.01,999.0,Normal,1599,70356,29480.0,False,2024-11-30
TSS-0006,Marvel,Hoodie,XXL,26,69,1,0,94,1.1,0.01,999.0,Overstocked,1599,150306,62980.0,False,2024-11-30
TSS-0007,Marvel,Sweatshirt,XS,5,1,0,0,6,0.0,0.0,999.0,Low Stock,999,5994,2058.0,False,2024-11-30
TSS-0007,Marvel,Sweatshirt,S,21,0,0,0,21,0.0,0.0,999.0,Normal,999,20979,7203.0,False,2024-11-30
TSS-0007,Marvel,Sweatshirt,M,49,0,1,0,48,2.0,0.01,999.0,Normal,999,47952,16464.0,False,2024-11-30
TSS-0007,Marvel,Sweatshirt,L,38,27,1,0,64,1.5,0.01,999.0,Overstocked,999,63936,21952.0,False,2024-11-30
TSS-0007,Marvel,Sweatshirt,XL,19,122,0,0,141,0.0,0.0,999.0,Overstocked,999,140859,48363.0,False,2024-11-30
TSS-0007,Marvel,Sweatshirt,XXL,10,0,0,0,10,0.0,0.0,999.0,Normal,999,9990,3430.0,False,2024-11-30
TSS-0008,Marvel,Sweatshirt,XS,13,0,0,0,13,0.0,0.0,999.0,Normal,1099,14287,4355.0,False,2024-11-30
TSS-0008,Marvel,Sweatshirt,S,49,54,1,0,102,1.0,0.01,999.0,Overstocked,1099,112098,34170.0,False,2024-11-30
TSS-0008,Marvel,Sweatshirt,M,75,18,1,0,92,1.1,0.01,999.0,Overstocked,1099,101108,30820.0,False,2024-11-30
TSS-0008,Marvel,Sweatshirt,L,64,0,1,0,63,1.6,0.01,999.0,Overstocked,1099,69237,21105.0,False,2024-11-30
TSS-0008,Marvel,Sweatshirt,XL,42,0,1,0,41,2.4,0.01,999.0,Normal,1099,45059,13735.0,False,2024-11-30
TSS-0008,Marvel,Sweatshirt,XXL,18,39,0,0,57,0.0,0.0,999.0,Overstocked,1099,62643,19095.0,False,2024-11-30
TSS-0009,Marvel,Joggers,XS,9,79,0,0,88,0.0,0.0,999.0,Overstocked,899,79112,25080.0,False,2024-11-30
TSS-0009,Marvel,Joggers,S,32,0,0,0,32,0.0,0.0,999.0,Normal,899,28768,9120.0,False,2024-11-30
TSS-0009,Marvel,Joggers,M,67,0,1,0,66,1.5,0.01,999.0,Overstocked,899,59334,18810.0,False,2024-11-30
TSS-0009,Marvel,Joggers,L,53,94,1,0,146,0.7,0.01,999.0,Overstocked,899,131254,41610.0,False,2024-11-30
TSS-0009,Marvel,Joggers,XL,35,0,0,0,35,0.0,0.0,999.0,Normal,899,31465,9975.0,False,2024-11-30
TSS-0009,Marvel,Joggers,XXL,14,39,0,0,53,0.0,0.0,999.0,Overstocked,899,47647,15105.0,False,2024-11-30
TSS-0010,Marvel,Joggers,XS,7,0,0,0,7,0.0,0.0,999.0,Low Stock,999,6993,2856.0,False,2024-11-30
TSS-0010,Marvel,Joggers,S,28,0,2,0,26,7.1,0.03,866.7,Normal,999,25974,10608.0,False,2024-11-30
TSS-0010,Marvel,Joggers,M,46,0,2,0,44,4.3,0.03,999.0,Normal,999,43956,17952.0,False,2024-11-30
TSS-0010,Marvel,Joggers,L,48,131,2,0,177,1.1,0.03,999.0,Overstocked,999,176823,72216.0,False,2024-11-30
TSS-0010,Marvel,Joggers,XL,23,145,2,0,166,1.2,0.03,999.0,Overstocked,999,165834,67728.0,False,2024-11-30
TSS-0010,Marvel,Joggers,XXL,12,4,0,0,16,0.0,0.0,999.0,Normal,999,15984,6528.0,False,2024-11-30
TSS-0011,Marvel,Shorts,XS,11,0,0,0,11,0.0,0.0,999.0,Normal,899,9889,3949.0,False,2024-11-30
TSS-0011,Marvel,Shorts,S,52,0,2,0,50,3.8,0.01,999.0,Normal,899,44950,17950.0,False,2024-11-30
TSS-0011,Marvel,Shorts,M,97,67,3,0,161,1.8,0.02,999.0,Overstocked,899,144739,57799.0,False,2024-11-30
TSS-0011,Marvel,Shorts,L,95,0,2,0,93,2.1,0.01,999.0,Overstocked,899,83607,33387.0,False,2024-11-30
TSS-0011,Marvel,Shorts,XL,44,111,2,0,153,1.3,0.01,999.0,Overstocked,899,137547,54927.0,False,2024-11-30
TSS-0011,Marvel,Shorts,XXL,18,0,1,0,17,5.6,0.01,999.0,Normal,899,15283,6103.0,False,2024-11-30
TSS-0012,Marvel,Shorts,XS,6,124,0,0,130,0.0,0.0,999.0,Overstocked,699,90870,33930.0,False,2024-11-30
TSS-0012,Marvel,Shorts,S,19,101,1,0,119,0.8,0.01,999.0,Overstocked,699,83181,31059.0,False,2024-11-30
TSS-0012,Marvel,Shorts,M,31,0,1,0,30,3.2,0.01,999.0,Normal,699,20970,7830.0,False,2024-11-30
TSS-0012,Marvel,Shorts,L,29,0,1,0,28,3.4,0.01,999.0,Normal,699,19572,7308.0,False,2024-11-30
TSS-0012,Marvel,Shorts,XL,17,137,0,0,154,0.0,0.0,999.0,Overstocked,699,107646,40194.0,False,2024-11-30
TSS-0012,Marvel,Shorts,XXL,8,5,0,0,13,0.0,0.0,999.0,Normal,699,9087,3393.0,False,2024-11-30
TSS-0013,Marvel,Oversized T-Shirt,XS,7,124,0,0,131,0.0,0.0,999.0,Overstocked,799,104669,43885.0,False,2024-11-30
TSS-0013,Marvel,Oversized T-Shirt,S,26,0,1,0,25,3.8,0.01,999.0,Normal,799,19975,8375.0,False,2024-11-30
TSS-0013,Marvel,Oversized T-Shirt,M,41,0,2,0,39,4.9,0.01,999.0,Normal,799,31161,13065.0,False,2024-11-30
TSS-0013,Marvel,Oversized T-Shirt,L,55,148,2,0,201,1.0,0.01,999.0,Overstocked,799,160599,67335.0,False,2024-11-30
TSS-0013,Marvel,Oversized T-Shirt,XL,24,124,1,0,147,0.7,0.01,999.0,Overstocked,799,117453,49245.0,False,2024-11-30
TSS-0013,Marvel,Oversized T-Shirt,XXL,14,124,0,0,138,0.0,0.0,999.0,Overstocked,799,110262,46230.0,False,2024-11-30
TSS-0014,Marvel,Oversized T-Shirt,XS,8,141,0,0,149,0.0,0.0,999.0,Overstocked,799,119051,47829.0,False,2024-11-30
TSS-0014,Marvel,Oversized T-Shirt,S,36,126,1,0,161,0.6,0.01,999.0,Overstocked,799,128639,51681.0,False,2024-11-30
TSS-0014,Marvel,Oversized T-Shirt,M,72,41,2,0,111,1.8,0.01,999.0,Overstocked,799,88689,35631.0,False,2024-11-30
TSS-0014,Marvel,Oversized T-Shirt,L,64,0,2,0,62,3.1,0.01,999.0,Overstocked,799,49538,19902.0,False,2024-11-30
TSS-0014,Marvel,Oversized T-Shirt,XL,37,119,1,0,155,0.6,0.01,999.0,Overstocked,799,123845,49755.0,False,2024-11-30
TSS-0014,Marvel,Oversized T-Shirt,XXL,19,92,1,0,110,0.9,0.01,999.0,Overstocked,799,87890,35310.0,False,2024-11-30
TSS-0015,Marvel,Classic T-Shirt,XS,8,72,0,0,80,0.0,0.0,999.0,Overstocked,799,63920,19280.0,False,2024-11-30
TSS-0015,Marvel,Classic T-Shirt,S,25,0,0,0,25,0.0,0.0,999.0,Normal,799,19975,6025.0,False,2024-11-30
TSS-0015,Marvel,Classic T-Shirt,M,57,126,1,0,182,0.5,0.01,999.0,Overstocked,799,145418,43862.0,False,2024-11-30
TSS-0015,Marvel,Classic T-Shirt,L,39,0,1,0,38,2.6,0.01,999.0,Normal,799,30362,9158.0,False,2024-11-30
TSS-0015,Marvel,Classic T-Shirt,XL,23,128,0,0,151,0.0,0.0,999.0,Overstocked,799,120649,36391.0,False,2024-11-30
TSS-0015,Marvel,Classic T-Shirt,XXL,12,30,0,0,42,0.0,0.0,999.0,Normal,799,33558,10122.0,False,2024-11-30
TSS-0016,DC,Oversized T-Shirt,XS,12,11,0,0,23,0.0,0.0,999.0,Normal,899,20677,8234.0,False,2024-11-30
TSS-0016,DC,Oversized T-Shirt,S,43,131,1,0,173,0.6,0.01,999.0,Overstocked,899,155527,61934.0,False,2024-11-30
TSS-0016,DC,Oversized T-Shirt,M,61,117,2,0,176,1.1,0.01,999.0,Overstocked,899,158224,63008.0,False,2024-11-30
TSS-0016,DC,Oversized T-Shirt,L,83,26,1,0,108,0.9,0.01,999.0,Overstocked,899,97092,38664.0,False,2024-11-30
TSS-0016,DC,Oversized T-Shirt,XL,34,52,1,0,85,1.2,0.01,999.0,Overstocked,899,76415,30430.0,False,2024-11-30
TSS-0016,DC,Oversized T-Shirt,XXL,16,129,0,0,145,0.0,0.0,999.0,Overstocked,899,130355,51910.0,False,2024-11-30
TSS-0017,DC,Oversized T-Shirt,XS,10,0,0,0,10,0.0,0.0,999.0,Normal,699,6990,2870.0,False,2024-11-30
TSS-0017,DC,Oversized T-Shirt,S,38,1,1,0,38,2.6,0.01,999.0,Normal,699,26562,10906.0,False,2024-11-30
TSS-0017,DC,Oversized T-Shirt,M,81,21,2,0,100,2.0,0.02,999.0,Overstocked,699,69900,28700.0,False,2024-11-30
TSS-0017,DC,Oversized T-Shirt,L,78,62,2,0,138,1.4,0.02,999.0,Overstocked,699,96462,39606.0,False,2024-11-30
TSS-0017,DC,Oversized T-Shirt,XL,44,0,2,0,42,4.5,0.02,999.0,Normal,699,29358,12054.0,False,2024-11-30
TSS-0017,DC,Oversized T-Shirt,XXL,19,132,1,0,150,0.7,0.01,999.0,Overstocked,699,104850,43050.0,False,2024-11-30
TSS-0018,DC,Classic T-Shirt,XS,7,0,0,0,7,0.0,0.0,999.0,Low Stock,699,4893,1855.0,False,2024-11-30
TSS-0018,DC,Classic T-Shirt,S,39,0,0,0,39,0.0,0.0,999.0,Normal,699,27261,10335.0,False,2024-11-30
TSS-0018,DC,Classic T-Shirt,M,57,0,0,0,57,0.0,0.0,999.0,Overstocked,699,39843,15105.0,False,2024-11-30
TSS-0018,DC,Classic T-Shirt,L,65,14,0,0,79,0.0,0.0,999.0,Overstocked,699,55221,20935.0,False,2024-11-30
TSS-0018,DC,Classic T-Shirt,XL,39,75,0,0,114,0.0,0.0,999.0,Overstocked,699,79686,30210.0,False,2024-11-30
TSS-0018,DC,Classic T-Shirt,XXL,17,80,0,0,97,0.0,0.0,999.0,Overstocked,699,67803,25705.0,False,2024-11-30
TSS-0019,DC,Classic T-Shirt,XS,10,37,0,0,47,0.0,0.0,999.0,Normal,899,42253,14194.0,False,2024-11-30
TSS-0019,DC,Classic T-Shirt,S,38,113,0,0,151,0.0,0.0,999.0,Overstocked,899,135749,45602.0,False,2024-11-30
TSS-0019,DC,Classic T-Shirt,M,95,50,1,0,144,0.7,0.01,999.0,Overstocked,899,129456,43488.0,False,2024-11-30
TSS-0019,DC,Classic T-Shirt,L,81,0,1,0,80,1.2,0.01,999.0,Overstocked,899,71920,24160.0,False,2024-11-30
TSS-0019,DC,Classic T-Shirt,XL,46,54,0,0,100,0.0,0.0,999.0,Overstocked,899,89900,30200.0,False,2024-11-30
TSS-0019,DC,Classic T-Shirt,XXL,20,40,0,0,60,0.0,0.0,999.0,Overstocked,899,53940,18120.0,False,2024-11-30
TSS-0020,DC,Hoodie,XS,9,0,0,0,9,0.0,0.0,999.0,Low Stock,1399,12591,4536.0,False,2024-11-30
TSS-0020,DC,Hoodie,S,33,15,2,0,46,4.2,0.03,999.0,Normal,1399,64354,23184.0,False,2024-11-30
TSS-0020,DC,Hoodie,M,67,0,3,0,64,4.5,0.04,999.0,Overstocked,1399,89536,32256.0,False,2024-11-30
TSS-0020,DC,Hoodie,L,61,1,3,0,59,4.8,0.04,999.0,Overstocked,1399,82541,29736.0,False,2024-11-30
TSS-0020,DC,Hoodie,XL,40,144,2,0,182,1.1,0.03,999.0,Overstocked,1399,254618,91728.0,False,2024-11-30
TSS-0020,DC,Hoodie,XXL,17,59,1,0,75,1.3,0.01,999.0,Overstocked,1399,104925,37800.0,False,2024-11-30
TSS-0021,DC,Hoodie,XS,18,35,0,0,53,0.0,0.0,999.0,Overstocked,1599,84747,29786.0,False,2024-11-30
TSS-0021,DC,Hoodie,S,54,0,0,0,54,0.0,0.0,999.0,Overstocked,1599,86346,30348.0,False,2024-11-30
TSS-0021,DC,Hoodie,M,112,0,1,0,111,0.9,0.01,999.0,Overstocked,1599,177489,62382.0,False,2024-11-30
TSS-0021,DC,Hoodie,L,93,0,1,0,92,1.1,0.01,999.0,Overstocked,1599,147108,51704.0,False,2024-11-30
TSS-0021,DC,Hoodie,XL,62,0,0,0,62,0.0,0.0,999.0,Overstocked,1599,99138,34844.0,False,2024-11-30
TSS-0021,DC,Hoodie,XXL,28,0,0,0,28,0.0,0.0,999.0,Normal,1599,44772,15736.0,False,2024-11-30
TSS-0022,DC,Sweatshirt,XS,15,125,0,0,140,0.0,0.0,999.0,Overstocked,1299,181860,69300.0,False,2024-11-30
TSS-0022,DC,Sweatshirt,S,49,124,1,0,172,0.6,0.01,999.0,Overstocked,1299,223428,85140.0,False,2024-11-30
TSS-0022,DC,Sweatshirt,M,122,30,1,0,151,0.7,0.01,999.0,Overstocked,1299,196149,74745.0,False,2024-11-30
TSS-0022,DC,Sweatshirt,L,86,0,1,0,85,1.2,0.01,999.0,Overstocked,1299,110415,42075.0,False,2024-11-30
TSS-0022,DC,Sweatshirt,XL,51,28,0,0,79,0.0,0.0,999.0,Overstocked,1299,102621,39105.0,False,2024-11-30
TSS-0022,DC,Sweatshirt,XXL,21,0,0,0,21,0.0,0.0,999.0,Normal,1299,27279,10395.0,False,2024-11-30
TSS-0023,DC,Sweatshirt,XS,9,36,0,0,45,0.0,0.0,999.0,Normal,1299,58455,19890.0,False,2024-11-30
TSS-0023,DC,Sweatshirt,S,30,72,0,0,102,0.0,0.0,999.0,Overstocked,1299,132498,45084.0,False,2024-11-30
TSS-0023,DC,Sweatshirt,M,72,0,1,0,71,1.4,0.01,999.0,Overstocked,1299,92229,31382.0,False,2024-11-30
TSS-0023,DC,Sweatshirt,L,65,144,1,0,208,0.5,0.01,999.0,Overstocked,1299,270192,91936.0,False,2024-11-30
TSS-0023,DC,Sweatshirt,XL,37,33,1,0,69,1.4,0.01,999.0,Overstocked,1299,89631,30498.0,False,2024-11-30
TSS-0023,DC,Sweatshirt,XXL,17,114,0,0,131,0.0,0.0,999.0,Overstocked,1299,170169,57902.0,False,2024-11-30
TSS-0024,DC,Joggers,XS,6,104,0,0,110,0.0,0.0,999.0,Overstocked,999,109890,43340.0,False,2024-11-30
TSS-0024,DC,Joggers,S,25,0,1,0,24,4.0,0.01,999.0,Normal,999,23976,9456.0,False,2024-11-30
TSS-0024,DC,Joggers,M,49,0,2,0,47,4.1,0.01,999.0,Normal,999,46953,18518.0,False,2024-11-30
TSS-0024,DC,Joggers,L,52,79,2,0,129,1.5,0.01,999.0,Overstocked,999,128871,50826.0,False,2024-11-30
TSS-0024,DC,Joggers,XL,29,0,1,0,28,3.4,0.01,999.0,Normal,999,27972,11032.0,False,2024-11-30
TSS-0024,DC,Joggers,XXL,10,48,1,0,57,1.7,0.01,999.0,Overstocked,999,56943,22458.0,False,2024-11-30
TSS-0025,DC,Joggers,XS,2,136,0,0,138,0.0,0.0,999.0,Overstocked,1199,165462,49680.0,False,2024-11-30
TSS-0025,DC,Joggers,S,10,0,1,0,9,10.0,0.01,900.0,Low Stock,1199,10791,3240.0,False,2024-11-30
TSS-0025,DC,Joggers,M,18,82,1,0,99,1.0,0.01,999.0,Overstocked,1199,118701,35640.0,False,2024-11-30
TSS-0025,DC,Joggers,L,19,0,1,0,18,5.3,0.01,999.0,Normal,1199,21582,6480.0,False,2024-11-30
TSS-0025,DC,Joggers,XL,11,0,1,0,10,9.1,0.01,999.0,Normal,1199,11990,3600.0,False,2024-11-30
TSS-0025,DC,Joggers,XXL,4,0,0,0,4,0.0,0.0,999.0,Low Stock,1199,4796,1440.0,True,2024-11-30
TSS-0026,DC,Shorts,XS,9,0,0,0,9,0.0,0.0,999.0,Low Stock,899,8091,3330.0,False,2024-11-30
TSS-0026,DC,Shorts,S,43,0,0,0,43,0.0,0.0,999.0,Normal,899,38657,15910.0,False,2024-11-30
TSS-0026,DC,Shorts,M,78,0,0,0,78,0.0,0.0,999.0,Overstocked,899,70122,28860.0,False,2024-11-30
TSS-0026,DC,Shorts,L,73,30,0,0,103,0.0,0.0,999.0,Overstocked,899,92597,38110.0,False,2024-11-30
TSS-0026,DC,Shorts,XL,45,0,0,0,45,0.0,0.0,999.0,Normal,899,40455,16650.0,False,2024-11-30
TSS-0026,DC,Shorts,XXL,23,0,0,0,23,0.0,0.0,999.0,Normal,899,20677,8510.0,False,2024-11-30
TSS-0027,DC,Shorts,XS,3,0,0,0,3,0.0,0.0,999.0,Low Stock,699,2097,816.0,True,2024-11-30
TSS-0027,DC,Shorts,S,12,150,1,0,161,0.6,0.01,999.0,Overstocked,699,112539,43792.0,False,2024-11-30
TSS-0027,DC,Shorts,M,30,77,1,0,106,0.9,0.01,999.0,Overstocked,699,74094,28832.0,False,2024-11-30
TSS-0027,DC,Shorts,L,31,36,1,0,66,1.5,0.01,999.0,Overstocked,699,46134,17952.0,False,2024-11-30
TSS-0027,DC,Shorts,XL,17,108,1,0,124,0.8,0.01,999.0,Overstocked,699,86676,33728.0,False,2024-11-30
TSS-0027,DC,Shorts,XXL,6,74,0,0,80,0.0,0.0,999.0,Overstocked,699,55920,21760.0,False,2024-11-30
TSS-0028,DC,Oversized T-Shirt,XS,12,69,0,0,81,0.0,0.0,999.0,Overstocked,999,80919,27216.0,False,2024-11-30
TSS-0028,DC,Oversized T-Shirt,S,52,0,1,0,51,1.9,0.02,999.0,Overstocked,999,50949,17136.0,False,2024-11-30
TSS-0028,DC,Oversized T-Shirt,M,109,0,1,0,108,0.9,0.02,999.0,Overstocked,999,107892,36288.0,False,2024-11-30
TSS-0028,DC,Oversized T-Shirt,L,93,0,1,0,92,1.1,0.02,999.0,Overstocked,999,91908,30912.0,False,2024-11-30
TSS-0028,DC,Oversized T-Shirt,XL,59,0,1,0,58,1.7,0.02,999.0,Overstocked,999,57942,19488.0,False,2024-11-30
TSS-0028,DC,Oversized T-Shirt,XXL,30,0,0,0,30,0.0,0.0,999.0,Normal,999,29970,10080.0,False,2024-11-30
TSS-0029,DC,Oversized T-Shirt,XS,5,115,0,0,120,0.0,0.0,999.0,Overstocked,699,83880,35160.0,False,2024-11-30
TSS-0029,DC,Oversized T-Shirt,S,21,0,1,0,20,4.8,0.01,999.0,Normal,699,13980,5860.0,False,2024-11-30
TSS-0029,DC,Oversized T-Shirt,M,52,0,2,0,50,3.8,0.02,999.0,Normal,699,34950,14650.0,False,2024-11-30
TSS-0029,DC,Oversized T-Shirt,L,33,0,1,0,32,3.0,0.01,999.0,Normal,699,22368,9376.0,False,2024-11-30
TSS-0029,DC,Oversized T-Shirt,XL,26,100,1,0,125,0.8,0.01,999.0,Overstocked,699,87375,36625.0,False,2024-11-30
TSS-0029,DC,Oversized T-Shirt,XXL,11,0,0,0,11,0.0,0.0,999.0,Normal,699,7689,3223.0,False,2024-11-30
TSS-0030,DC,Classic T-Shirt,XS,11,90,0,0,101,0.0,0.0,999.0,Overstocked,799,80699,25452.0,False,2024-11-30
TSS-0030,DC,Classic T-Shirt,S,40,0,0,0,40,0.0,0.0,999.0,Normal,799,31960,10080.0,False,2024-11-30
TSS-0030,DC,Classic T-Shirt,M,93,0,1,0,92,1.1,0.01,999.0,Overstocked,799,73508,23184.0,False,2024-11-30
TSS-0030,DC,Classic T-Shirt,L,58,71,1,0,128,0.8,0.01,999.0,Overstocked,799,102272,32256.0,False,2024-11-30
TSS-0030,DC,Classic T-Shirt,XL,36,77,0,0,113,0.0,0.0,999.0,Overstocked,799,90287,28476.0,False,2024-11-30
TSS-0030,DC,Classic T-Shirt,XXL,22,9,0,0,31,0.0,0.0,999.0,Normal,799,24769,7812.0,False,2024-11-30
TSS-0031,Friends,Classic T-Shirt,XS,11,0,0,0,11,0.0,0.0,999.0,Normal,799,8789,2904.0,False,2024-11-30
TSS-0031,Friends,Classic T-Shirt,S,37,145,1,0,181,0.5,0.01,999.0,Overstocked,799,144619,47784.0,False,2024-11-30
TSS-0031,Friends,Classic T-Shirt,M,67,144,2,0,209,0.9,0.01,999.0,Overstocked,799,166991,55176.0,False,2024-11-30
TSS-0031,Friends,Classic T-Shirt,L,78,0,3,0,75,3.8,0.02,999.0,Overstocked,799,59925,19800.0,False,2024-11-30
TSS-0031,Friends,Classic T-Shirt,XL,47,70,1,0,116,0.9,0.01,999.0,Overstocked,799,92684,30624.0,False,2024-11-30
TSS-0031,Friends,Classic T-Shirt,XXL,21,136,1,0,156,0.6,0.01,999.0,Overstocked,799,124644,41184.0,False,2024-11-30
TSS-0032,Friends,Classic T-Shirt,XS,14,0,0,0,14,0.0,0.0,999.0,Normal,899,12586,4774.0,False,2024-11-30
TSS-0032,Friends,Classic T-Shirt,S,47,82,1,0,128,0.8,0.01,999.0,Overstocked,899,115072,43648.0,False,2024-11-30
TSS-0032,Friends,Classic T-Shirt,M,81,119,1,0,199,0.5,0.01,999.0,Overstocked,899,178901,67859.0,False,2024-11-30
TSS-0032,Friends,Classic T-Shirt,L,68,12,1,0,79,1.2,0.01,999.0,Overstocked,899,71021,26939.0,False,2024-11-30
TSS-0032,Friends,Classic T-Shirt,XL,46,0,1,0,45,2.2,0.01,999.0,Normal,899,40455,15345.0,False,2024-11-30
TSS-0032,Friends,Classic T-Shirt,XXL,21,0,0,0,21,0.0,0.0,999.0,Normal,899,18879,7161.0,False,2024-11-30
TSS-0033,Friends,Oversized T-Shirt,XS,2,0,0,0,2,0.0,0.0,999.0,Low Stock,899,1798,712.0,True,2024-11-30
TSS-0033,Friends,Oversized T-Shirt,S,9,24,1,0,32,3.0,0.01,999.0,Normal,899,28768,11392.0,False,2024-11-30
TSS-0033,Friends,Oversized T-Shirt,M,15,85,2,0,98,2.0,0.01,999.0,Overstocked,899,88102,34888.0,False,2024-11-30
TSS-0033,Friends,Oversized T-Shirt,L,17,13,2,0,28,6.7,0.01,999.0,Normal,899,25172,9968.0,False,2024-11-30
TSS-0033,Friends,Oversized T-Shirt,XL,9,0,1,0,8,11.1,0.01,800.0,Low Stock,899,7192,2848.0,False,2024-11-30
TSS-0033,Friends,Oversized T-Shirt,XXL,4,31,0,0,35,0.0,0.0,999.0,Normal,899,31465,12460.0,False,2024-11-30
TSS-0034,Friends,Oversized T-Shirt,XS,3,0,0,0,3,0.0,0.0,999.0,Low Stock,899,2697,942.0,True,2024-11-30
TSS-0034,Friends,Oversized T-Shirt,S,11,113,0,0,124,0.0,0.0,999.0,Overstocked,899,111476,38936.0,False,2024-11-30
TSS-0034,Friends,Oversized T-Shirt,M,25,0,0,0,25,0.0,0.0,999.0,Normal,899,22475,7850.0,False,2024-11-30
TSS-0034,Friends,Oversized T-Shirt,L,27,105,0,0,132,0.0,0.0,999.0,Overstocked,899,118668,41448.0,False,2024-11-30
TSS-0034,Friends,Oversized T-Shirt,XL,14,0,0,0,14,0.0,0.0,999.0,Normal,899,12586,4396.0,False,2024-11-30
TSS-0034,Friends,Oversized T-Shirt,XXL,7,86,0,0,93,0.0,0.0,999.0,Overstocked,899,83607,29202.0,False,2024-11-30
TSS-0035,Friends,Crop Top,XS,7,150,0,0,157,0.0,0.0,999.0,Overstocked,699,109743,37366.0,False,2024-11-30
TSS-0035,Friends,Crop Top,S,33,0,1,0,32,3.0,0.01,999.0,Normal,699,22368,7616.0,False,2024-11-30
TSS-0035,Friends,Crop Top,M,65,65,1,0,129,0.8,0.01,999.0,Overstocked,699,90171,30702.0,False,2024-11-30
TSS-0035,Friends,Crop Top,L,61,0,1,0,60,1.6,0.01,999.0,Overstocked,699,41940,14280.0,False,2024-11-30
TSS-0035,Friends,Crop Top,XL,28,131,1,0,158,0.6,0.01,999.0,Overstocked,699,110442,37604.0,False,2024-11-30
TSS-0035,Friends,Crop Top,XXL,14,37,0,0,51,0.0,0.0,999.0,Overstocked,699,35649,12138.0,False,2024-11-30
TSS-0036,Friends,Crop Top,XS,6,0,0,0,6,0.0,0.0,999.0,Low Stock,699,4194,1608.0,False,2024-11-30
TSS-0036,Friends,Crop Top,S,25,0,1,0,24,4.0,0.01,999.0,Normal,699,16776,6432.0,False,2024-11-30
TSS-0036,Friends,Crop Top,M,54,50,3,0,101,2.9,0.02,999.0,Overstocked,699,70599,27068.0,False,2024-11-30
TSS-0036,Friends,Crop Top,L,38,0,2,0,36,5.3,0.01,999.0,Normal,699,25164,9648.0,False,2024-11-30
TSS-0036,Friends,Crop Top,XL,27,84,2,0,109,1.8,0.01,999.0,Overstocked,699,76191,29212.0,False,2024-11-30
TSS-0036,Friends,Crop Top,XXL,10,0,1,0,9,10.0,0.01,900.0,Low Stock,699,6291,2412.0,False,2024-11-30
TSS-0037,Friends,Hoodie,XS,16,126,0,0,142,0.0,0.0,999.0,Overstocked,1499,212858,70858.0,False,2024-11-30
TSS-0037,Friends,Hoodie,S,46,0,1,0,45,2.2,0.01,999.0,Normal,1499,67455,22455.0,False,2024-11-30
TSS-0037,Friends,Hoodie,M,114,84,2,0,196,1.0,0.02,999.0,Overstocked,1499,293804,97804.0,False,2024-11-30
TSS-0037,Friends,Hoodie,L,93,1,2,0,92,2.1,0.02,999.0,Overstocked,1499,137908,45908.0,False,2024-11-30
TSS-0037,Friends,Hoodie,XL,45,0,1,0,44,2.2,0.01,999.0,Normal,1499,65956,21956.0,False,2024-11-30
TSS-0037,Friends,Hoodie,XXL,25,11,1,0,35,2.8,0.01,999.0,Normal,1499,52465,17465.0,False,2024-11-30
TSS-0038,Friends,Hoodie,XS,4,0,0,0,4,0.0,0.0,999.0,Low Stock,1599,6396,2420.0,True,2024-11-30
TSS-0038,Friends,Hoodie,S,20,0,0,0,20,0.0,0.0,999.0,Normal,1599,31980,12100.0,False,2024-11-30
TSS-0038,Friends,Hoodie,M,32,0,1,0,31,3.1,0.01,999.0,Normal,1599,49569,18755.0,False,2024-11-30
TSS-0038,Friends,Hoodie,L,35,86,1,0,120,0.8,0.01,999.0,Overstocked,1599,191880,72600.0,False,2024-11-30
TSS-0038,Friends,Hoodie,XL,17,43,1,0,59,1.7,0.01,999.0,Overstocked,1599,94341,35695.0,False,2024-11-30
TSS-0038,Friends,Hoodie,XXL,10,16,0,0,26,0.0,0.0,999.0,Normal,1599,41574,15730.0,False,2024-11-30
TSS-0039,Friends,Sweatshirt,XS,13,0,0,0,13,0.0,0.0,999.0,Normal,1099,14287,5226.0,False,2024-11-30
TSS-0039,Friends,Sweatshirt,S,54,62,1,0,115,0.9,0.01,999.0,Overstocked,1099,126385,46230.0,False,2024-11-30
TSS-0039,Friends,Sweatshirt,M,121,75,1,0,195,0.5,0.01,999.0,Overstocked,1099,214305,78390.0,False,2024-11-30
TSS-0039,Friends,Sweatshirt,L,90,32,1,0,121,0.8,0.01,999.0,Overstocked,1099,132979,48642.0,False,2024-11-30
TSS-0039,Friends,Sweatshirt,XL,72,0,0,0,72,0.0,0.0,999.0,Overstocked,1099,79128,28944.0,False,2024-11-30
TSS-0039,Friends,Sweatshirt,XXL,29,0,0,0,29,0.0,0.0,999.0,Normal,1099,31871,11658.0,False,2024-11-30
TSS-0040,Friends,Sweatshirt,XS,16,127,0,0,143,0.0,0.0,999.0,Overstocked,1199,171457,69355.0,False,2024-11-30
TSS-0040,Friends,Sweatshirt,S,60,123,0,0,183,0.0,0.0,999.0,Overstocked,1199,219417,88755.0,False,2024-11-30
TSS-0040,Friends,Sweatshirt,M,101,149,1,0,249,0.4,0.01,999.0,Overstocked,1199,298551,120765.0,False,2024-11-30
TSS-0040,Friends,Sweatshirt,L,120,60,1,0,179,0.6,0.01,999.0,Overstocked,1199,214621,86815.0,False,2024-11-30
TSS-0040,Friends,Sweatshirt,XL,69,95,0,0,164,0.0,0.0,999.0,Overstocked,1199,196636,79540.0,False,2024-11-30
TSS-0040,Friends,Sweatshirt,XXL,29,0,0,0,29,0.0,0.0,999.0,Normal,1199,34771,14065.0,False,2024-11-30
TSS-0041,Friends,Classic T-Shirt,XS,5,86,0,0,91,0.0,0.0,999.0,Overstocked,599,54509,22204.0,False,2024-11-30
TSS-0041,Friends,Classic T-Shirt,S,23,81,2,0,102,1.9,0.02,999.0,Overstocked,599,61098,24888.0,False,2024-11-30
TSS-0041,Friends,Classic T-Shirt,M,46,0,3,0,43,6.5,0.04,999.0,Normal,599,25757,10492.0,False,2024-11-30
TSS-0041,Friends,Classic T-Shirt,L,40,139,4,0,175,2.2,0.05,999.0,Overstocked,599,104825,42700.0,False,2024-11-30
TSS-0041,Friends,Classic T-Shirt,XL,29,0,1,0,28,3.4,0.01,999.0,Normal,599,16772,6832.0,False,2024-11-30
TSS-0041,Friends,Classic T-Shirt,XXL,10,0,1,0,9,10.0,0.01,900.0,Low Stock,599,5391,2196.0,False,2024-11-30
TSS-0042,Friends,Classic T-Shirt,XS,3,70,0,0,73,0.0,0.0,999.0,Overstocked,599,43727,13870.0,False,2024-11-30
TSS-0042,Friends,Classic T-Shirt,S,8,139,1,0,146,0.7,0.01,999.0,Overstocked,599,87454,27740.0,False,2024-11-30
TSS-0042,Friends,Classic T-Shirt,M,18,103,2,0,119,1.7,0.02,999.0,Overstocked,599,71281,22610.0,False,2024-11-30
TSS-0042,Friends,Classic T-Shirt,L,20,0,2,0,18,10.0,0.02,900.0,Normal,599,10782,3420.0,False,2024-11-30
TSS-0042,Friends,Classic T-Shirt,XL,12,58,1,0,69,1.4,0.01,999.0,Overstocked,599,41331,13110.0,False,2024-11-30
TSS-0042,Friends,Classic T-Shirt,XXL,5,141,0,0,146,0.0,0.0,999.0,Overstocked,599,87454,27740.0,False,2024-11-30
TSS-0043,Friends,Oversized T-Shirt,XS,14,80,0,0,94,0.0,0.0,999.0,Overstocked,699,65706,25850.0,False,2024-11-30
TSS-0043,Friends,Oversized T-Shirt,S,65,112,1,0,176,0.6,0.01,999.0,Overstocked,699,123024,48400.0,False,2024-11-30
TSS-0043,Friends,Oversized T-Shirt,M,105,32,1,0,136,0.7,0.01,999.0,Overstocked,699,95064,37400.0,False,2024-11-30
TSS-0043,Friends,Oversized T-Shirt,L,103,90,1,0,192,0.5,0.01,999.0,Overstocked,699,134208,52800.0,False,2024-11-30
TSS-0043,Friends,Oversized T-Shirt,XL,63,137,1,0,199,0.5,0.01,999.0,Overstocked,699,139101,54725.0,False,2024-11-30
TSS-0043,Friends,Oversized T-Shirt,XXL,26,0,0,0,26,0.0,0.0,999.0,Normal,699,18174,7150.0,False,2024-11-30
TSS-0044,Friends,Oversized T-Shirt,XS,17,146,0,0,163,0.0,0.0,999.0,Overstocked,799,130237,51182.0,False,2024-11-30
TSS-0044,Friends,Oversized T-Shirt,S,48,0,1,0,47,2.1,0.01,999.0,Normal,799,37553,14758.0,False,2024-11-30
TSS-0044,Friends,Oversized T-Shirt,M,91,115,1,0,205,0.5,0.01,999.0,Overstocked,799,163795,64370.0,False,2024-11-30
TSS-0044,Friends,Oversized T-Shirt,L,88,45,1,0,132,0.8,0.01,999.0,Overstocked,799,105468,41448.0,False,2024-11-30
TSS-0044,Friends,Oversized T-Shirt,XL,57,0,0,0,57,0.0,0.0,999.0,Overstocked,799,45543,17898.0,False,2024-11-30
TSS-0044,Friends,Oversized T-Shirt,XXL,23,0,0,0,23,0.0,0.0,999.0,Normal,799,18377,7222.0,False,2024-11-30
TSS-0045,Friends,Crop Top,XS,2,43,0,0,45,0.0,0.0,999.0,Normal,699,31455,10575.0,False,2024-11-30
TSS-0045,Friends,Crop Top,S,9,33,0,0,42,0.0,0.0,999.0,Normal,699,29358,9870.0,False,2024-11-30
TSS-0045,Friends,Crop Top,M,16,52,1,0,67,1.5,0.01,999.0,Overstocked,699,46833,15745.0,False,2024-11-30
TSS-0045,Friends,Crop Top,L,18,121,1,0,138,0.7,0.01,999.0,Overstocked,699,96462,32430.0,False,2024-11-30
TSS-0045,Friends,Crop Top,XL,10,0,1,0,9,10.0,0.01,900.0,Low Stock,699,6291,2115.0,False,2024-11-30
TSS-0045,Friends,Crop Top,XXL,4,114,0,0,118,0.0,0.0,999.0,Overstocked,699,82482,27730.0,False,2024-11-30
TSS-0046,Anime,Oversized T-Shirt,XS,4,145,0,0,149,0.0,0.0,999.0,Overstocked,899,133951,42167.0,False,2024-11-30
TSS-0046,Anime,Oversized T-Shirt,S,12,73,0,0,85,0.0,0.0,999.0,Overstocked,899,76415,24055.0,False,2024-11-30
TSS-0046,Anime,Oversized T-Shirt,M,23,76,0,0,99,0.0,0.0,999.0,Overstocked,899,89001,28017.0,False,2024-11-30
TSS-0046,Anime,Oversized T-Shirt,L,26,45,0,0,71,0.0,0.0,999.0,Overstocked,899,63829,20093.0,False,2024-11-30
TSS-0046,Anime,Oversized T-Shirt,XL,13,46,0,0,59,0.0,0.0,999.0,Overstocked,899,53041,16697.0,False,2024-11-30
TSS-0046,Anime,Oversized T-Shirt,XXL,6,0,0,0,6,0.0,0.0,999.0,Low Stock,899,5394,1698.0,False,2024-11-30
TSS-0047,Anime,Oversized T-Shirt,XS,4,17,0,0,21,0.0,0.0,999.0,Normal,899,18879,7581.0,False,2024-11-30
TSS-0047,Anime,Oversized T-Shirt,S,10,141,0,0,151,0.0,0.0,999.0,Overstocked,899,135749,54511.0,False,2024-11-30
TSS-0047,Anime,Oversized T-Shirt,M,25,83,1,0,107,0.9,0.01,999.0,Overstocked,899,96193,38627.0,False,2024-11-30
TSS-0047,Anime,Oversized T-Shirt,L,19,0,0,0,19,0.0,0.0,999.0,Normal,899,17081,6859.0,False,2024-11-30
TSS-0047,Anime,Oversized T-Shirt,XL,13,87,0,0,100,0.0,0.0,999.0,Overstocked,899,89900,36100.0,False,2024-11-30
TSS-0047,Anime,Oversized T-Shirt,XXL,5,0,0,0,5,0.0,0.0,999.0,Low Stock,899,4495,1805.0,False,2024-11-30
TSS-0048,Anime,Classic T-Shirt,XS,8,124,0,0,132,0.0,0.0,999.0,Overstocked,699,92268,33792.0,False,2024-11-30
TSS-0048,Anime,Classic T-Shirt,S,33,112,1,0,144,0.7,0.01,999.0,Overstocked,699,100656,36864.0,False,2024-11-30
TSS-0048,Anime,Classic T-Shirt,M,71,0,1,0,70,1.4,0.01,999.0,Overstocked,699,48930,17920.0,False,2024-11-30
TSS-0048,Anime,Classic T-Shirt,L,53,100,2,0,151,1.3,0.02,999.0,Overstocked,699,105549,38656.0,False,2024-11-30
TSS-0048,Anime,Classic T-Shirt,XL,27,0,1,0,26,3.7,0.01,999.0,Normal,699,18174,6656.0,False,2024-11-30
TSS-0048,Anime,Classic T-Shirt,XXL,16,136,0,0,152,0.0,0.0,999.0,Overstocked,699,106248,38912.0,False,2024-11-30
TSS-0049,Anime,Classic T-Shirt,XS,8,26,0,0,34,0.0,0.0,999.0,Normal,699,23766,7616.0,False,2024-11-30
TSS-0049,Anime,Classic T-Shirt,S,21,0,1,0,20,4.8,0.01,999.0,Normal,699,13980,4480.0,False,2024-11-30
TSS-0049,Anime,Classic T-Shirt,M,59,0,1,0,58,1.7,0.01,999.0,Overstocked,699,40542,12992.0,False,2024-11-30
TSS-0049,Anime,Classic T-Shirt,L,46,86,1,0,131,0.8,0.01,999.0,Overstocked,699,91569,29344.0,False,2024-11-30
TSS-0049,Anime,Classic T-Shirt,XL,22,24,1,0,45,2.2,0.01,999.0,Normal,699,31455,10080.0,False,2024-11-30
TSS-0049,Anime,Classic T-Shirt,XXL,10,0,0,0,10,0.0,0.0,999.0,Normal,699,6990,2240.0,False,2024-11-30
TSS-0050,Anime,Hoodie,XS,13,48,0,0,61,0.0,0.0,999.0,Overstocked,1499,91439,36661.0,False,2024-11-30
TSS-0050,Anime,Hoodie,S,50,59,1,0,108,0.9,0.01,999.0,Overstocked,1499,161892,64908.0,False,2024-11-30
TSS-0050,Anime,Hoodie,M,91,80,2,0,169,1.2,0.01,999.0,Overstocked,1499,253331,101569.0,False,2024-11-30
TSS-0050,Anime,Hoodie,L,87,71,3,0,155,1.9,0.02,999.0,Overstocked,1499,232345,93155.0,False,2024-11-30
TSS-0050,Anime,Hoodie,XL,46,0,1,0,45,2.2,0.01,999.0,Normal,1499,67455,27045.0,False,2024-11-30
TSS-0050,Anime,Hoodie,XXL,29,0,1,0,28,3.4,0.01,999.0,Normal,1499,41972,16828.0,False,2024-11-30
TSS-0051,Anime,Hoodie,XS,4,0,0,0,4,0.0,0.0,999.0,Low Stock,1499,5996,2448.0,True,2024-11-30
TSS-0051,Anime,Hoodie,S,16,34,0,0,50,0.0,0.0,999.0,Normal,1499,74950,30600.0,False,2024-11-30
TSS-0051,Anime,Hoodie,M,31,0,1,0,30,3.2,0.01,999.0,Normal,1499,44970,18360.0,False,2024-11-30
TSS-0051,Anime,Hoodie,L,24,149,1,0,172,0.6,0.01,999.0,Overstocked,1499,257828,105264.0,False,2024-11-30
TSS-0051,Anime,Hoodie,XL,16,3,0,0,19,0.0,0.0,999.0,Normal,1499,28481,11628.0,False,2024-11-30
TSS-0051,Anime,Hoodie,XXL,7,0,0,0,7,0.0,0.0,999.0,Low Stock,1499,10493,4284.0,False,2024-11-30
TSS-0052,Anime,Sweatshirt,XS,13,0,0,0,13,0.0,0.0,999.0,Normal,1299,16887,5369.0,False,2024-11-30
TSS-0052,Anime,Sweatshirt,S,41,0,0,0,41,0.0,0.0,999.0,Normal,1299,53259,16933.0,False,2024-11-30
TSS-0052,Anime,Sweatshirt,M,99,84,1,0,182,0.5,0.01,999.0,Overstocked,1299,236418,75166.0,False,2024-11-30
TSS-0052,Anime,Sweatshirt,L,99,0,1,0,98,1.0,0.01,999.0,Overstocked,1299,127302,40474.0,False,2024-11-30
TSS-0052,Anime,Sweatshirt,XL,57,58,1,0,114,0.9,0.01,999.0,Overstocked,1299,148086,47082.0,False,2024-11-30
TSS-0052,Anime,Sweatshirt,XXL,20,63,0,0,83,0.0,0.0,999.0,Overstocked,1299,107817,34279.0,False,2024-11-30
TSS-0053,Anime,Sweatshirt,XS,5,133,0,0,138,0.0,0.0,999.0,Overstocked,999,137862,44160.0,False,2024-11-30
TSS-0053,Anime,Sweatshirt,S,15,17,1,0,31,3.1,0.01,999.0,Normal,999,30969,9920.0,False,2024-11-30
TSS-0053,Anime,Sweatshirt,M,46,32,1,0,77,1.3,0.01,999.0,Overstocked,999,76923,24640.0,False,2024-11-30
TSS-0053,Anime,Sweatshirt,L,40,60,1,0,99,1.0,0.01,999.0,Overstocked,999,98901,31680.0,False,2024-11-30
TSS-0053,Anime,Sweatshirt,XL,20,0,1,0,19,5.0,0.01,999.0,Normal,999,18981,6080.0,False,2024-11-30
TSS-0053,Anime,Sweatshirt,XXL,9,0,0,0,9,0.0,0.0,999.0,Low Stock,999,8991,2880.0,False,2024-11-30
TSS-0054,Anime,Joggers,XS,11,123,0,0,134,0.0,0.0,999.0,Overstocked,1099,147266,53064.0,False,2024-11-30
TSS-0054,Anime,Joggers,S,44,0,1,0,43,2.3,0.01,999.0,Normal,1099,47257,17028.0,False,2024-11-30
TSS-0054,Anime,Joggers,M,101,123,1,0,223,0.4,0.01,999.0,Overstocked,1099,245077,88308.0,False,2024-11-30
TSS-0054,Anime,Joggers,L,98,76,1,0,173,0.6,0.01,999.0,Overstocked,1099,190127,68508.0,False,2024-11-30
TSS-0054,Anime,Joggers,XL,54,0,1,0,53,1.9,0.01,999.0,Overstocked,1099,58247,20988.0,False,2024-11-30
TSS-0054,Anime,Joggers,XXL,20,18,0,0,38,0.0,0.0,999.0,Normal,1099,41762,15048.0,False,2024-11-30
TSS-0055,Anime,Joggers,XS,4,1,0,0,5,0.0,0.0,999.0,Low Stock,1199,5995,2240.0,False,2024-11-30
TSS-0055,Anime,Joggers,S,21,106,1,0,126,0.8,0.01,999.0,Overstocked,1199,151074,56448.0,False,2024-11-30
TSS-0055,Anime,Joggers,M,36,150,1,0,185,0.5,0.01,999.0,Overstocked,1199,221815,82880.0,False,2024-11-30
TSS-0055,Anime,Joggers,L,43,0,1,0,42,2.3,0.01,999.0,Normal,1199,50358,18816.0,False,2024-11-30
TSS-0055,Anime,Joggers,XL,23,89,0,0,112,0.0,0.0,999.0,Overstocked,1199,134288,50176.0,False,2024-11-30
TSS-0055,Anime,Joggers,XXL,10,98,0,0,108,0.0,0.0,999.0,Overstocked,1199,129492,48384.0,False,2024-11-30
TSS-0056,Anime,Oversized T-Shirt,XS,12,0,0,0,12,0.0,0.0,999.0,Normal,799,9588,3840.0,False,2024-11-30
TSS-0056,Anime,Oversized T-Shirt,S,52,37,0,0,89,0.0,0.0,999.0,Overstocked,799,71111,28480.0,False,2024-11-30
TSS-0056,Anime,Oversized T-Shirt,M,104,0,0,0,104,0.0,0.0,999.0,Overstocked,799,83096,33280.0,False,2024-11-30
TSS-0056,Anime,Oversized T-Shirt,L,103,0,0,0,103,0.0,0.0,999.0,Overstocked,799,82297,32960.0,False,2024-11-30
TSS-0056,Anime,Oversized T-Shirt,XL,60,0,0,0,60,0.0,0.0,999.0,Overstocked,799,47940,19200.0,False,2024-11-30
TSS-0056,Anime,Oversized T-Shirt,XXL,23,0,0,0,23,0.0,0.0,999.0,Normal,799,18377,7360.0,False,2024-11-30
TSS-0057,Anime,Oversized T-Shirt,XS,9,0,0,0,9,0.0,0.0,999.0,Low Stock,799,7191,2610.0,False,2024-11-30
TSS-0057,Anime,Oversized T-Shirt,S,37,0,1,0,36,2.7,0.01,999.0,Normal,799,28764,10440.0,False,2024-11-30
TSS-0057,Anime,Oversized T-Shirt,M,86,0,1,0,85,1.2,0.01,999.0,Overstocked,799,67915,24650.0,False,2024-11-30
TSS-0057,Anime,Oversized T-Shirt,L,69,0,1,0,68,1.4,0.01,999.0,Overstocked,799,54332,19720.0,False,2024-11-30
TSS-0057,Anime,Oversized T-Shirt,XL,40,0,1,0,39,2.5,0.01,999.0,Normal,799,31161,11310.0,False,2024-11-30
TSS-0057,Anime,Oversized T-Shirt,XXL,15,0,0,0,15,0.0,0.0,999.0,Normal,799,11985,4350.0,False,2024-11-30
TSS-0058,Anime,Classic T-Shirt,XS,7,43,0,0,50,0.0,0.0,999.0,Normal,799,39950,13550.0,False,2024-11-30
TSS-0058,Anime,Classic T-Shirt,S,20,128,1,0,147,0.7,0.01,999.0,Overstocked,799,117453,39837.0,False,2024-11-30
TSS-0058,Anime,Classic T-Shirt,M,53,0,1,0,52,1.9,0.01,999.0,Overstocked,799,41548,14092.0,False,2024-11-30
TSS-0058,Anime,Classic T-Shirt,L,48,0,2,0,46,4.2,0.02,999.0,Normal,799,36754,12466.0,False,2024-11-30
TSS-0058,Anime,Classic T-Shirt,XL,26,42,1,0,67,1.5,0.01,999.0,Overstocked,799,53533,18157.0,False,2024-11-30
TSS-0058,Anime,Classic T-Shirt,XXL,9,0,0,0,9,0.0,0.0,999.0,Low Stock,799,7191,2439.0,False,2024-11-30
TSS-0059,Anime,Classic T-Shirt,XS,3,2,0,0,5,0.0,0.0,999.0,Low Stock,599,2995,1055.0,False,2024-11-30
TSS-0059,Anime,Classic T-Shirt,S,10,10,1,0,19,5.0,0.01,999.0,Normal,599,11381,4009.0,False,2024-11-30
TSS-0059,Anime,Classic T-Shirt,M,20,68,2,0,86,2.3,0.01,999.0,Overstocked,599,51514,18146.0,False,2024-11-30
TSS-0059,Anime,Classic T-Shirt,L,22,94,2,0,114,1.7,0.01,999.0,Overstocked,599,68286,24054.0,False,2024-11-30
TSS-0059,Anime,Classic T-Shirt,XL,13,0,1,0,12,7.7,0.01,999.0,Normal,599,7188,2532.0,False,2024-11-30
TSS-0059,Anime,Classic T-Shirt,XXL,6,84,0,0,90,0.0,0.0,999.0,Overstocked,599,53910,18990.0,False,2024-11-30
TSS-0060,Anime,Hoodie,XS,16,35,0,0,51,0.0,0.0,999.0,Overstocked,1599,81549,33252.0,False,2024-11-30
TSS-0060,Anime,Hoodie,S,54,63,0,0,117,0.0,0.0,999.0,Overstocked,1599,187083,76284.0,False,2024-11-30
TSS-0060,Anime,Hoodie,M,113,105,1,0,217,0.5,0.01,999.0,Overstocked,1599,346983,141484.0,False,2024-11-30
TSS-0060,Anime,Hoodie,L,105,82,1,0,186,0.5,0.01,999.0,Overstocked,1599,297414,121272.0,False,2024-11-30
TSS-0060,Anime,Hoodie,XL,46,83,1,0,128,0.8,0.01,999.0,Overstocked,1599,204672,83456.0,False,2024-11-30
TSS-0060,Anime,Hoodie,XXL,25,20,0,0,45,0.0,0.0,999.0,Normal,1599,71955,29340.0,False,2024-11-30
TSS-0061,Harry Potter,Classic T-Shirt,XS,10,25,0,0,35,0.0,0.0,999.0,Normal,799,27965,8785.0,False,2024-11-30
TSS-0061,Harry Potter,Classic T-Shirt,S,28,0,1,0,27,3.6,0.01,999.0,Normal,799,21573,6777.0,False,2024-11-30
TSS-0061,Harry Potter,Classic T-Shirt,M,74,32,3,0,103,2.8,0.02,999.0,Overstocked,799,82297,25853.0,False,2024-11-30
TSS-0061,Harry Potter,Classic T-Shirt,L,69,119,2,0,186,1.1,0.01,999.0,Overstocked,799,148614,46686.0,False,2024-11-30
TSS-0061,Harry Potter,Classic T-Shirt,XL,29,61,1,0,89,1.1,0.01,999.0,Overstocked,799,71111,22339.0,False,2024-11-30
TSS-0061,Harry Potter,Classic T-Shirt,XXL,18,27,1,0,44,2.2,0.01,999.0,Normal,799,35156,11044.0,False,2024-11-30
TSS-0062,Harry Potter,Classic T-Shirt,XS,6,98,0,0,104,0.0,0.0,999.0,Overstocked,899,93496,28704.0,False,2024-11-30
TSS-0062,Harry Potter,Classic T-Shirt,S,24,31,0,0,55,0.0,0.0,999.0,Overstocked,899,49445,15180.0,False,2024-11-30
TSS-0062,Harry Potter,Classic T-Shirt,M,56,85,0,0,141,0.0,0.0,999.0,Overstocked,899,126759,38916.0,False,2024-11-30
TSS-0062,Harry Potter,Classic T-Shirt,L,55,87,0,0,142,0.0,0.0,999.0,Overstocked,899,127658,39192.0,False,2024-11-30
TSS-0062,Harry Potter,Classic T-Shirt,XL,31,0,0,0,31,0.0,0.0,999.0,Normal,899,27869,8556.0,False,2024-11-30
TSS-0062,Harry Potter,Classic T-Shirt,XXL,14,57,0,0,71,0.0,0.0,999.0,Overstocked,899,63829,19596.0,False,2024-11-30
TSS-0063,Harry Potter,Oversized T-Shirt,XS,9,0,0,0,9,0.0,0.0,999.0,Low Stock,999,8991,2718.0,False,2024-11-30
TSS-0063,Harry Potter,Oversized T-Shirt,S,44,32,1,0,75,1.3,0.02,999.0,Overstocked,999,74925,22650.0,False,2024-11-30
TSS-0063,Harry Potter,Oversized T-Shirt,M,78,0,1,0,77,1.3,0.02,999.0,Overstocked,999,76923,23254.0,False,2024-11-30
TSS-0063,Harry Potter,Oversized T-Shirt,L,80,81,2,0,159,1.2,0.03,999.0,Overstocked,999,158841,48018.0,False,2024-11-30
TSS-0063,Harry Potter,Oversized T-Shirt,XL,47,0,1,0,46,2.1,0.02,999.0,Normal,999,45954,13892.0,False,2024-11-30
TSS-0063,Harry Potter,Oversized T-Shirt,XXL,15,0,1,0,14,6.7,0.02,700.0,Normal,999,13986,4228.0,False,2024-11-30
TSS-0064,Harry Potter,Oversized T-Shirt,XS,11,0,0,0,11,0.0,0.0,999.0,Normal,699,7689,2332.0,False,2024-11-30
TSS-0064,Harry Potter,Oversized T-Shirt,S,30,0,1,0,29,3.3,0.01,999.0,Normal,699,20271,6148.0,False,2024-11-30
TSS-0064,Harry Potter,Oversized T-Shirt,M,80,0,2,0,78,2.5,0.01,999.0,Overstocked,699,54522,16536.0,False,2024-11-30
TSS-0064,Harry Potter,Oversized T-Shirt,L,71,0,2,0,69,2.8,0.01,999.0,Overstocked,699,48231,14628.0,False,2024-11-30
TSS-0064,Harry Potter,Oversized T-Shirt,XL,40,0,1,0,39,2.5,0.01,999.0,Normal,699,27261,8268.0,False,2024-11-30
TSS-0064,Harry Potter,Oversized T-Shirt,XXL,14,39,1,0,52,1.9,0.01,999.0,Overstocked,699,36348,11024.0,False,2024-11-30
TSS-0065,Harry Potter,Hoodie,XS,11,13,0,0,24,0.0,0.0,999.0,Normal,1399,33576,11832.0,False,2024-11-30
TSS-0065,Harry Potter,Hoodie,S,43,76,1,0,118,0.8,0.01,999.0,Overstocked,1399,165082,58174.0,False,2024-11-30
TSS-0065,Harry Potter,Hoodie,M,85,140,1,0,224,0.4,0.01,999.0,Overstocked,1399,313376,110432.0,False,2024-11-30
TSS-0065,Harry Potter,Hoodie,L,69,0,1,0,68,1.4,0.01,999.0,Overstocked,1399,95132,33524.0,False,2024-11-30
TSS-0065,Harry Potter,Hoodie,XL,43,0,1,0,42,2.3,0.01,999.0,Normal,1399,58758,20706.0,False,2024-11-30
TSS-0065,Harry Potter,Hoodie,XXL,18,0,0,0,18,0.0,0.0,999.0,Normal,1399,25182,8874.0,False,2024-11-30
TSS-0066,Harry Potter,Hoodie,XS,10,0,0,0,10,0.0,0.0,999.0,Normal,1699,16990,6660.0,False,2024-11-30
TSS-0066,Harry Potter,Hoodie,S,36,113,0,0,149,0.0,0.0,999.0,Overstocked,1699,253151,99234.0,False,2024-11-30
TSS-0066,Harry Potter,Hoodie,M,58,0,0,0,58,0.0,0.0,999.0,Overstocked,1699,98542,38628.0,False,2024-11-30
TSS-0066,Harry Potter,Hoodie,L,51,147,0,0,198,0.0,0.0,999.0,Overstocked,1699,336402,131868.0,False,2024-11-30
TSS-0066,Harry Potter,Hoodie,XL,42,0,0,0,42,0.0,0.0,999.0,Normal,1699,71358,27972.0,False,2024-11-30
TSS-0066,Harry Potter,Hoodie,XXL,14,0,0,0,14,0.0,0.0,999.0,Normal,1699,23786,9324.0,False,2024-11-30
TSS-0067,Harry Potter,Sweatshirt,XS,8,0,0,0,8,0.0,0.0,999.0,Low Stock,1199,9592,3488.0,False,2024-11-30
TSS-0067,Harry Potter,Sweatshirt,S,25,0,1,0,24,4.0,0.01,999.0,Normal,1199,28776,10464.0,False,2024-11-30
TSS-0067,Harry Potter,Sweatshirt,M,44,0,1,0,43,2.3,0.01,999.0,Normal,1199,51557,18748.0,False,2024-11-30
TSS-0067,Harry Potter,Sweatshirt,L,42,22,1,0,63,1.6,0.01,999.0,Overstocked,1199,75537,27468.0,False,2024-11-30
TSS-0067,Harry Potter,Sweatshirt,XL,29,0,1,0,28,3.4,0.01,999.0,Normal,1199,33572,12208.0,False,2024-11-30
TSS-0067,Harry Potter,Sweatshirt,XXL,10,0,0,0,10,0.0,0.0,999.0,Normal,1199,11990,4360.0,False,2024-11-30
TSS-0068,Harry Potter,Sweatshirt,XS,7,0,0,0,7,0.0,0.0,999.0,Low Stock,999,6993,2324.0,False,2024-11-30
TSS-0068,Harry Potter,Sweatshirt,S,25,46,1,0,70,1.4,0.01,999.0,Overstocked,999,69930,23240.0,False,2024-11-30
TSS-0068,Harry Potter,Sweatshirt,M,60,0,1,0,59,1.7,0.01,999.0,Overstocked,999,58941,19588.0,False,2024-11-30
TSS-0068,Harry Potter,Sweatshirt,L,56,137,1,0,192,0.5,0.01,999.0,Overstocked,999,191808,63744.0,False,2024-11-30
TSS-0068,Harry Potter,Sweatshirt,XL,24,137,1,0,160,0.6,0.01,999.0,Overstocked,999,159840,53120.0,False,2024-11-30
TSS-0068,Harry Potter,Sweatshirt,XXL,11,137,0,0,148,0.0,0.0,999.0,Overstocked,999,147852,49136.0,False,2024-11-30
TSS-0069,Harry Potter,Joggers,XS,3,30,0,0,33,0.0,0.0,999.0,Normal,1199,39567,14355.0,False,2024-11-30
TSS-0069,Harry Potter,Joggers,S,13,80,0,0,93,0.0,0.0,999.0,Overstocked,1199,111507,40455.0,False,2024-11-30
TSS-0069,Harry Potter,Joggers,M,26,0,1,0,25,3.8,0.01,999.0,Normal,1199,29975,10875.0,False,2024-11-30
TSS-0069,Harry Potter,Joggers,L,23,129,0,0,152,0.0,0.0,999.0,Overstocked,1199,182248,66120.0,False,2024-11-30
TSS-0069,Harry Potter,Joggers,XL,14,0,0,0,14,0.0,0.0,999.0,Normal,1199,16786,6090.0,False,2024-11-30
TSS-0069,Harry Potter,Joggers,XXL,8,75,0,0,83,0.0,0.0,999.0,Overstocked,1199,99517,36105.0,False,2024-11-30
TSS-0070,Harry Potter,Joggers,XS,12,133,0,0,145,0.0,0.0,999.0,Overstocked,899,130355,43500.0,False,2024-11-30
TSS-0070,Harry Potter,Joggers,S,45,25,1,0,69,1.4,0.01,999.0,Overstocked,899,62031,20700.0,False,2024-11-30
TSS-0070,Harry Potter,Joggers,M,70,0,1,0,69,1.4,0.01,999.0,Overstocked,899,62031,20700.0,False,2024-11-30
TSS-0070,Harry Potter,Joggers,L,68,91,1,0,158,0.6,0.01,999.0,Overstocked,899,142042,47400.0,False,2024-11-30
TSS-0070,Harry Potter,Joggers,XL,44,66,1,0,109,0.9,0.01,999.0,Overstocked,899,97991,32700.0,False,2024-11-30
TSS-0070,Harry Potter,Joggers,XXL,19,0,0,0,19,0.0,0.0,999.0,Normal,899,17081,5700.0,False,2024-11-30
TSS-0071,Harry Potter,Classic T-Shirt,XS,5,18,0,0,23,0.0,0.0,999.0,Normal,699,16077,5980.0,False,2024-11-30
TSS-0071,Harry Potter,Classic T-Shirt,S,18,95,2,0,111,1.8,0.02,999.0,Overstocked,699,77589,28860.0,False,2024-11-30
TSS-0071,Harry Potter,Classic T-Shirt,M,34,0,4,0,30,11.8,0.03,999.0,Normal,699,20970,7800.0,False,2024-11-30
TSS-0071,Harry Potter,Classic T-Shirt,L,36,0,4,0,32,11.1,0.03,999.0,Normal,699,22368,8320.0,False,2024-11-30
TSS-0071,Harry Potter,Classic T-Shirt,XL,17,140,2,0,155,1.3,0.02,999.0,Overstocked,699,108345,40300.0,False,2024-11-30
TSS-0071,Harry Potter,Classic T-Shirt,XXL,7,69,1,0,75,1.3,0.01,999.0,Overstocked,699,52425,19500.0,False,2024-11-30
TSS-0072,Harry Potter,Classic T-Shirt,XS,11,0,1,0,10,9.1,0.01,999.0,Normal,699,6990,2150.0,False,2024-11-30
TSS-0072,Harry Potter,Classic T-Shirt,S,55,31,1,0,85,1.2,0.01,999.0,Overstocked,699,59415,18275.0,False,2024-11-30
TSS-0072,Harry Potter,Classic T-Shirt,M,86,125,2,0,209,0.9,0.03,999.0,Overstocked,699,146091,44935.0,False,2024-11-30
TSS-0072,Harry Potter,Classic T-Shirt,L,89,0,2,0,87,2.2,0.03,999.0,Overstocked,699,60813,18705.0,False,2024-11-30
TSS-0072,Harry Potter,Classic T-Shirt,XL,41,0,2,0,39,4.9,0.03,999.0,Normal,699,27261,8385.0,False,2024-11-30
TSS-0072,Harry Potter,Classic T-Shirt,XXL,24,136,1,0,159,0.6,0.01,999.0,Overstocked,699,111141,34185.0,False,2024-11-30
TSS-0073,Harry Potter,Oversized T-Shirt,XS,10,66,0,0,76,0.0,0.0,999.0,Overstocked,699,53124,16264.0,False,2024-11-30
TSS-0073,Harry Potter,Oversized T-Shirt,S,35,0,1,0,34,2.9,0.01,999.0,Normal,699,23766,7276.0,False,2024-11-30
TSS-0073,Harry Potter,Oversized T-Shirt,M,66,94,3,0,157,1.9,0.02,999.0,Overstocked,699,109743,33598.0,False,2024-11-30
TSS-0073,Harry Potter,Oversized T-Shirt,L,79,46,3,0,122,2.4,0.02,999.0,Overstocked,699,85278,26108.0,False,2024-11-30
TSS-0073,Harry Potter,Oversized T-Shirt,XL,43,0,2,0,41,4.7,0.01,999.0,Normal,699,28659,8774.0,False,2024-11-30
TSS-0073,Harry Potter,Oversized T-Shirt,XXL,20,58,1,0,77,1.3,0.01,999.0,Overstocked,699,53823,16478.0,False,2024-11-30
TSS-0074,Harry Potter,Oversized T-Shirt,XS,8,80,0,0,88,0.0,0.0,999.0,Overstocked,699,61512,18568.0,False,2024-11-30
TSS-0074,Harry Potter,Oversized T-Shirt,S,20,0,1,0,19,5.0,0.01,999.0,Normal,699,13281,4009.0,False,2024-11-30
TSS-0074,Harry Potter,Oversized T-Shirt,M,41,0,2,0,39,4.9,0.02,999.0,Normal,699,27261,8229.0,False,2024-11-30
TSS-0074,Harry Potter,Oversized T-Shirt,L,37,130,2,0,165,1.2,0.02,999.0,Overstocked,699,115335,34815.0,False,2024-11-30
TSS-0074,Harry Potter,Oversized T-Shirt,XL,26,136,1,0,161,0.6,0.01,999.0,Overstocked,699,112539,33971.0,False,2024-11-30
TSS-0074,Harry Potter,Oversized T-Shirt,XXL,12,1,0,0,13,0.0,0.0,999.0,Normal,699,9087,2743.0,False,2024-11-30
TSS-0075,Harry Potter,Hoodie,XS,6,0,0,0,6,0.0,0.0,999.0,Low Stock,1699,10194,4074.0,False,2024-11-30
TSS-0075,Harry Potter,Hoodie,S,22,135,1,0,156,0.6,0.01,999.0,Overstocked,1699,265044,105924.0,False,2024-11-30
TSS-0075,Harry Potter,Hoodie,M,38,0,2,0,36,5.3,0.03,999.0,Normal,1699,61164,24444.0,False,2024-11-30
TSS-0075,Harry Potter,Hoodie,L,42,0,1,0,41,2.4,0.01,999.0,Normal,1699,69659,27839.0,False,2024-11-30
TSS-0075,Harry Potter,Hoodie,XL,19,0,1,0,18,5.3,0.01,999.0,Normal,1699,30582,12222.0,False,2024-11-30
TSS-0075,Harry Potter,Hoodie,XXL,11,0,0,0,11,0.0,0.0,999.0,Normal,1699,18689,7469.0,False,2024-11-30
TSS-0076,Music,Classic T-Shirt,XS,12,74,0,0,86,0.0,0.0,999.0,Overstocked,899,77314,24166.0,False,2024-11-30
TSS-0076,Music,Classic T-Shirt,S,36,145,1,0,180,0.6,0.01,999.0,Overstocked,899,161820,50580.0,False,2024-11-30
TSS-0076,Music,Classic T-Shirt,M,96,131,2,0,225,0.9,0.02,999.0,Overstocked,899,202275,63225.0,False,2024-11-30
TSS-0076,Music,Classic T-Shirt,L,76,124,1,0,199,0.5,0.01,999.0,Overstocked,899,178901,55919.0,False,2024-11-30
TSS-0076,Music,Classic T-Shirt,XL,43,0,1,0,42,2.3,0.01,999.0,Normal,899,37758,11802.0,False,2024-11-30
TSS-0076,Music,Classic T-Shirt,XXL,21,2,0,0,23,0.0,0.0,999.0,Normal,899,20677,6463.0,False,2024-11-30
TSS-0077,Music,Classic T-Shirt,XS,5,39,0,0,44,0.0,0.0,999.0,Normal,599,26356,8756.0,False,2024-11-30
TSS-0077,Music,Classic T-Shirt,S,17,64,1,0,80,1.2,0.01,999.0,Overstocked,599,47920,15920.0,False,2024-11-30
TSS-0077,Music,Classic T-Shirt,M,39,46,2,0,83,2.4,0.02,999.0,Overstocked,599,49717,16517.0,False,2024-11-30
TSS-0077,Music,Classic T-Shirt,L,47,112,1,0,158,0.6,0.01,999.0,Overstocked,599,94642,31442.0,False,2024-11-30
TSS-0077,Music,Classic T-Shirt,XL,22,0,1,0,21,4.5,0.01,999.0,Normal,599,12579,4179.0,False,2024-11-30
TSS-0077,Music,Classic T-Shirt,XXL,9,0,0,0,9,0.0,0.0,999.0,Low Stock,599,5391,1791.0,False,2024-11-30
TSS-0078,Music,Oversized T-Shirt,XS,14,0,0,0,14,0.0,0.0,999.0,Normal,699,9786,3808.0,False,2024-11-30
TSS-0078,Music,Oversized T-Shirt,S,48,0,2,0,46,4.2,0.02,999.0,Normal,699,32154,12512.0,False,2024-11-30
TSS-0078,Music,Oversized T-Shirt,M,101,83,4,0,180,2.2,0.05,999.0,Overstocked,699,125820,48960.0,False,2024-11-30
TSS-0078,Music,Oversized T-Shirt,L,81,99,2,0,178,1.1,0.02,999.0,Overstocked,699,124422,48416.0,False,2024-11-30
TSS-0078,Music,Oversized T-Shirt,XL,54,0,2,0,52,3.7,0.02,999.0,Overstocked,699,36348,14144.0,False,2024-11-30
TSS-0078,Music,Oversized T-Shirt,XXL,23,0,1,0,22,4.3,0.01,999.0,Normal,699,15378,5984.0,False,2024-11-30
TSS-0079,Music,Oversized T-Shirt,XS,13,0,0,0,13,0.0,0.0,999.0,Normal,899,11687,4342.0,False,2024-11-30
TSS-0079,Music,Oversized T-Shirt,S,39,39,2,0,76,2.6,0.01,999.0,Overstocked,899,68324,25384.0,False,2024-11-30
TSS-0079,Music,Oversized T-Shirt,M,87,0,3,0,84,3.4,0.02,999.0,Overstocked,899,75516,28056.0,False,2024-11-30
TSS-0079,Music,Oversized T-Shirt,L,94,121,3,0,212,1.4,0.02,999.0,Overstocked,899,190588,70808.0,False,2024-11-30
TSS-0079,Music,Oversized T-Shirt,XL,55,46,1,0,100,1.0,0.01,999.0,Overstocked,899,89900,33400.0,False,2024-11-30
TSS-0079,Music,Oversized T-Shirt,XXL,23,0,1,0,22,4.3,0.01,999.0,Normal,899,19778,7348.0,False,2024-11-30
TSS-0080,Music,Hoodie,XS,7,0,0,0,7,0.0,0.0,999.0,Low Stock,1599,11193,4032.0,False,2024-11-30
TSS-0080,Music,Hoodie,S,27,97,1,0,123,0.8,0.01,999.0,Overstocked,1599,196677,70848.0,False,2024-11-30
TSS-0080,Music,Hoodie,M,65,0,1,0,64,1.5,0.01,999.0,Overstocked,1599,102336,36864.0,False,2024-11-30
TSS-0080,Music,Hoodie,L,58,77,1,0,134,0.7,0.01,999.0,Overstocked,1599,214266,77184.0,False,2024-11-30
TSS-0080,Music,Hoodie,XL,39,63,1,0,101,1.0,0.01,999.0,Overstocked,1599,161499,58176.0,False,2024-11-30
TSS-0080,Music,Hoodie,XXL,12,0,0,0,12,0.0,0.0,999.0,Normal,1599,19188,6912.0,False,2024-11-30
TSS-0081,Music,Hoodie,XS,15,25,0,0,40,0.0,0.0,999.0,Normal,1599,63960,23120.0,False,2024-11-30
TSS-0081,Music,Hoodie,S,56,0,1,0,55,1.8,0.01,999.0,Overstocked,1599,87945,31790.0,False,2024-11-30
TSS-0081,Music,Hoodie,M,120,33,2,0,151,1.3,0.02,999.0,Overstocked,1599,241449,87278.0,False,2024-11-30
TSS-0081,Music,Hoodie,L,99,135,3,0,231,1.3,0.03,999.0,Overstocked,1599,369369,133518.0,False,2024-11-30
TSS-0081,Music,Hoodie,XL,54,22,2,0,74,2.6,0.02,999.0,Overstocked,1599,118326,42772.0,False,2024-11-30
TSS-0081,Music,Hoodie,XXL,29,0,1,0,28,3.4,0.01,999.0,Normal,1599,44772,16184.0,False,2024-11-30
TSS-0082,Music,Sweatshirt,XS,3,0,0,0,3,0.0,0.0,999.0,Low Stock,1099,3297,1209.0,True,2024-11-30
TSS-0082,Music,Sweatshirt,S,7,87,1,0,93,1.1,0.01,999.0,Overstocked,1099,102207,37479.0,False,2024-11-30
TSS-0082,Music,Sweatshirt,M,20,39,1,0,58,1.7,0.01,999.0,Overstocked,1099,63742,23374.0,False,2024-11-30
TSS-0082,Music,Sweatshirt,L,17,0,2,0,15,11.8,0.02,750.0,Normal,1099,16485,6045.0,False,2024-11-30
TSS-0082,Music,Sweatshirt,XL,11,93,1,0,103,1.0,0.01,999.0,Overstocked,1099,113197,41509.0,False,2024-11-30
TSS-0082,Music,Sweatshirt,XXL,5,0,0,0,5,0.0,0.0,999.0,Low Stock,1099,5495,2015.0,False,2024-11-30
TSS-0083,Music,Sweatshirt,XS,5,0,0,0,5,0.0,0.0,999.0,Low Stock,999,4995,1505.0,False,2024-11-30
TSS-0083,Music,Sweatshirt,S,15,0,1,0,14,6.7,0.01,999.0,Normal,999,13986,4214.0,False,2024-11-30
TSS-0083,Music,Sweatshirt,M,37,101,2,0,136,1.4,0.01,999.0,Overstocked,999,135864,40936.0,False,2024-11-30
TSS-0083,Music,Sweatshirt,L,32,0,2,0,30,6.2,0.01,999.0,Normal,999,29970,9030.0,False,2024-11-30
TSS-0083,Music,Sweatshirt,XL,19,0,1,0,18,5.3,0.01,999.0,Normal,999,17982,5418.0,False,2024-11-30
TSS-0083,Music,Sweatshirt,XXL,6,2,1,0,7,12.5,0.01,700.0,Low Stock,999,6993,2107.0,False,2024-11-30
TSS-0084,Music,Tote Bag,XS,8,134,0,0,142,0.0,0.0,999.0,Overstocked,499,70858,28684.0,False,2024-11-30
TSS-0084,Music,Tote Bag,S,29,0,0,0,29,0.0,0.0,999.0,Normal,499,14471,5858.0,False,2024-11-30
TSS-0084,Music,Tote Bag,M,64,0,1,0,63,1.6,0.01,999.0,Overstocked,499,31437,12726.0,False,2024-11-30
TSS-0084,Music,Tote Bag,L,54,0,1,0,53,1.9,0.01,999.0,Overstocked,499,26447,10706.0,False,2024-11-30
TSS-0084,Music,Tote Bag,XL,40,53,1,0,92,1.1,0.01,999.0,Overstocked,499,45908,18584.0,False,2024-11-30
TSS-0084,Music,Tote Bag,XXL,14,94,0,0,108,0.0,0.0,999.0,Overstocked,499,53892,21816.0,False,2024-11-30
TSS-0085,Music,Tote Bag,XS,16,0,0,0,16,0.0,0.0,999.0,Normal,499,7984,3088.0,False,2024-11-30
TSS-0085,Music,Tote Bag,S,47,2,1,0,48,2.0,0.01,999.0,Normal,499,23952,9264.0,False,2024-11-30
TSS-0085,Music,Tote Bag,M,122,0,2,0,120,1.6,0.02,999.0,Overstocked,499,59880,23160.0,False,2024-11-30
TSS-0085,Music,Tote Bag,L,115,149,1,0,263,0.4,0.01,999.0,Overstocked,499,131237,50759.0,False,2024-11-30
TSS-0085,Music,Tote Bag,XL,52,141,1,0,192,0.5,0.01,999.0,Overstocked,499,95808,37056.0,False,2024-11-30
TSS-0085,Music,Tote Bag,XXL,22,0,0,0,22,0.0,0.0,999.0,Normal,499,10978,4246.0,False,2024-11-30
TSS-0086,Music,Classic T-Shirt,XS,8,111,0,0,119,0.0,0.0,999.0,Overstocked,599,71281,24157.0,False,2024-11-30
TSS-0086,Music,Classic T-Shirt,S,27,0,1,0,26,3.7,0.02,999.0,Normal,599,15574,5278.0,False,2024-11-30
TSS-0086,Music,Classic T-Shirt,M,56,46,2,0,100,2.0,0.03,999.0,Overstocked,599,59900,20300.0,False,2024-11-30
TSS-0086,Music,Classic T-Shirt,L,51,0,2,0,49,3.9,0.03,999.0,Normal,599,29351,9947.0,False,2024-11-30
TSS-0086,Music,Classic T-Shirt,XL,28,0,1,0,27,3.6,0.02,999.0,Normal,599,16173,5481.0,False,2024-11-30
TSS-0086,Music,Classic T-Shirt,XXL,18,0,0,0,18,0.0,0.0,999.0,Normal,599,10782,3654.0,False,2024-11-30
TSS-0087,Music,Classic T-Shirt,XS,15,96,0,0,111,0.0,0.0,999.0,Overstocked,599,66489,23532.0,False,2024-11-30
TSS-0087,Music,Classic T-Shirt,S,41,11,1,0,51,1.9,0.02,999.0,Overstocked,599,30549,10812.0,False,2024-11-30
TSS-0087,Music,Classic T-Shirt,M,92,3,3,0,92,3.2,0.05,999.0,Overstocked,599,55108,19504.0,False,2024-11-30
TSS-0087,Music,Classic T-Shirt,L,105,86,3,0,188,1.6,0.05,999.0,Overstocked,599,112612,39856.0,False,2024-11-30
TSS-0087,Music,Classic T-Shirt,XL,46,113,2,0,157,1.3,0.03,999.0,Overstocked,599,94043,33284.0,False,2024-11-30
TSS-0087,Music,Classic T-Shirt,XXL,23,0,1,0,22,4.3,0.02,999.0,Normal,599,13178,4664.0,False,2024-11-30
TSS-0088,Music,Oversized T-Shirt,XS,14,0,0,0,14,0.0,0.0,999.0,Normal,899,12586,3976.0,False,2024-11-30
TSS-0088,Music,Oversized T-Shirt,S,43,106,0,0,149,0.0,0.0,999.0,Overstocked,899,133951,42316.0,False,2024-11-30
TSS-0088,Music,Oversized T-Shirt,M,83,37,1,0,119,0.8,0.01,999.0,Overstocked,899,106981,33796.0,False,2024-11-30
TSS-0088,Music,Oversized T-Shirt,L,112,28,1,0,139,0.7,0.01,999.0,Overstocked,899,124961,39476.0,False,2024-11-30
TSS-0088,Music,Oversized T-Shirt,XL,49,72,1,0,120,0.8,0.01,999.0,Overstocked,899,107880,34080.0,False,2024-11-30
TSS-0088,Music,Oversized T-Shirt,XXL,20,21,0,0,41,0.0,0.0,999.0,Normal,899,36859,11644.0,False,2024-11-30
TSS-0089,Music,Oversized T-Shirt,XS,8,46,0,0,54,0.0,0.0,999.0,Overstocked,999,53946,20844.0,False,2024-11-30
TSS-0089,Music,Oversized T-Shirt,S,38,0,1,0,37,2.6,0.02,999.0,Normal,999,36963,14282.0,False,2024-11-30
TSS-0089,Music,Oversized T-Shirt,M,60,94,2,0,152,1.3,0.03,999.0,Overstocked,999,151848,58672.0,False,2024-11-30
TSS-0089,Music,Oversized T-Shirt,L,72,0,1,0,71,1.4,0.02,999.0,Overstocked,999,70929,27406.0,False,2024-11-30
TSS-0089,Music,Oversized T-Shirt,XL,33,81,1,0,113,0.9,0.02,999.0,Overstocked,999,112887,43618.0,False,2024-11-30
TSS-0089,Music,Oversized T-Shirt,XXL,19,17,0,0,36,0.0,0.0,999.0,Normal,999,35964,13896.0,False,2024-11-30
TSS-0090,Music,Hoodie,XS,5,0,0,0,5,0.0,0.0,999.0,Low Stock,1399,6995,2110.0,False,2024-11-30
TSS-0090,Music,Hoodie,S,21,0,1,0,20,4.8,0.01,999.0,Normal,1399,27980,8440.0,False,2024-11-30
TSS-0090,Music,Hoodie,M,45,85,1,0,129,0.8,0.01,999.0,Overstocked,1399,180471,54438.0,False,2024-11-30
TSS-0090,Music,Hoodie,L,41,0,1,0,40,2.4,0.01,999.0,Normal,1399,55960,16880.0,False,2024-11-30
TSS-0090,Music,Hoodie,XL,20,58,1,0,77,1.3,0.01,999.0,Overstocked,1399,107723,32494.0,False,2024-11-30
TSS-0090,Music,Hoodie,XXL,8,56,0,0,64,0.0,0.0,999.0,Overstocked,1399,89536,27008.0,False,2024-11-30
TSS-0091,Movies & TV,Classic T-Shirt,XS,7,4,0,0,11,0.0,0.0,999.0,Normal,599,6589,2398.0,False,2024-11-30
TSS-0091,Movies & TV,Classic T-Shirt,S,27,0,0,0,27,0.0,0.0,999.0,Normal,599,16173,5886.0,False,2024-11-30
TSS-0091,Movies & TV,Classic T-Shirt,M,71,35,0,0,106,0.0,0.0,999.0,Overstocked,599,63494,23108.0,False,2024-11-30
TSS-0091,Movies & TV,Classic T-Shirt,L,67,107,0,0,174,0.0,0.0,999.0,Overstocked,599,104226,37932.0,False,2024-11-30
TSS-0091,Movies & TV,Classic T-Shirt,XL,27,0,0,0,27,0.0,0.0,999.0,Normal,599,16173,5886.0,False,2024-11-30
TSS-0091,Movies & TV,Classic T-Shirt,XXL,14,0,0,0,14,0.0,0.0,999.0,Normal,599,8386,3052.0,False,2024-11-30
TSS-0092,Movies & TV,Classic T-Shirt,XS,15,18,0,0,33,0.0,0.0,999.0,Normal,799,26367,10098.0,False,2024-11-30
TSS-0092,Movies & TV,Classic T-Shirt,S,44,0,1,0,43,2.3,0.01,999.0,Normal,799,34357,13158.0,False,2024-11-30
TSS-0092,Movies & TV,Classic T-Shirt,M,82,106,3,0,185,1.6,0.03,999.0,Overstocked,799,147815,56610.0,False,2024-11-30
TSS-0092,Movies & TV,Classic T-Shirt,L,105,76,3,0,178,1.7,0.03,999.0,Overstocked,799,142222,54468.0,False,2024-11-30
TSS-0092,Movies & TV,Classic T-Shirt,XL,53,3,2,0,54,3.6,0.02,999.0,Overstocked,799,43146,16524.0,False,2024-11-30
TSS-0092,Movies & TV,Classic T-Shirt,XXL,28,0,1,0,27,3.6,0.01,999.0,Normal,799,21573,8262.0,False,2024-11-30
TSS-0093,Movies & TV,Oversized T-Shirt,XS,5,116,0,0,121,0.0,0.0,999.0,Overstocked,899,108779,38115.0,False,2024-11-30
TSS-0093,Movies & TV,Oversized T-Shirt,S,26,58,0,0,84,0.0,0.0,999.0,Overstocked,899,75516,26460.0,False,2024-11-30
TSS-0093,Movies & TV,Oversized T-Shirt,M,53,32,1,0,84,1.2,0.01,999.0,Overstocked,899,75516,26460.0,False,2024-11-30
TSS-0093,Movies & TV,Oversized T-Shirt,L,34,0,1,0,33,2.9,0.01,999.0,Normal,899,29667,10395.0,False,2024-11-30
TSS-0093,Movies & TV,Oversized T-Shirt,XL,25,0,1,0,24,4.0,0.01,999.0,Normal,899,21576,7560.0,False,2024-11-30
TSS-0093,Movies & TV,Oversized T-Shirt,XXL,11,97,0,0,108,0.0,0.0,999.0,Overstocked,899,97092,34020.0,False,2024-11-30
TSS-0094,Movies & TV,Oversized T-Shirt,XS,11,0,0,0,11,0.0,0.0,999.0,Normal,999,10989,3861.0,False,2024-11-30
TSS-0094,Movies & TV,Oversized T-Shirt,S,39,7,0,0,46,0.0,0.0,999.0,Normal,999,45954,16146.0,False,2024-11-30
TSS-0094,Movies & TV,Oversized T-Shirt,M,63,0,0,0,63,0.0,0.0,999.0,Overstocked,999,62937,22113.0,False,2024-11-30
TSS-0094,Movies & TV,Oversized T-Shirt,L,61,0,1,0,60,1.6,0.01,999.0,Overstocked,999,59940,21060.0,False,2024-11-30
TSS-0094,Movies & TV,Oversized T-Shirt,XL,33,11,0,0,44,0.0,0.0,999.0,Normal,999,43956,15444.0,False,2024-11-30
TSS-0094,Movies & TV,Oversized T-Shirt,XXL,14,0,0,0,14,0.0,0.0,999.0,Normal,999,13986,4914.0,False,2024-11-30
TSS-0095,Movies & TV,Hoodie,XS,3,0,0,0,3,0.0,0.0,999.0,Low Stock,1399,4197,1722.0,True,2024-11-30
TSS-0095,Movies & TV,Hoodie,S,15,33,1,0,47,2.1,0.01,999.0,Normal,1399,65753,26978.0,False,2024-11-30
TSS-0095,Movies & TV,Hoodie,M,27,25,2,0,50,3.8,0.02,999.0,Normal,1399,69950,28700.0,False,2024-11-30
TSS-0095,Movies & TV,Hoodie,L,21,122,2,0,141,1.4,0.02,999.0,Overstocked,1399,197259,80934.0,False,2024-11-30
TSS-0095,Movies & TV,Hoodie,XL,13,0,1,0,12,7.7,0.01,999.0,Normal,1399,16788,6888.0,False,2024-11-30
TSS-0095,Movies & TV,Hoodie,XXL,5,55,1,0,59,1.7,0.01,999.0,Overstocked,1399,82541,33866.0,False,2024-11-30
TSS-0096,Movies & TV,Hoodie,XS,16,0,0,0,16,0.0,0.0,999.0,Normal,1399,22384,7696.0,False,2024-11-30
TSS-0096,Movies & TV,Hoodie,S,59,87,1,0,145,0.7,0.01,999.0,Overstocked,1399,202855,69745.0,False,2024-11-30
TSS-0096,Movies & TV,Hoodie,M,100,110,2,0,208,1.0,0.01,999.0,Overstocked,1399,290992,100048.0,False,2024-11-30
TSS-0096,Movies & TV,Hoodie,L,109,0,3,0,106,2.8,0.02,999.0,Overstocked,1399,148294,50986.0,False,2024-11-30
TSS-0096,Movies & TV,Hoodie,XL,69,127,1,0,195,0.5,0.01,999.0,Overstocked,1399,272805,93795.0,False,2024-11-30
TSS-0096,Movies & TV,Hoodie,XXL,28,0,1,0,27,3.6,0.01,999.0,Normal,1399,37773,12987.0,False,2024-11-30
TSS-0097,Movies & TV,Sweatshirt,XS,6,116,0,0,122,0.0,0.0,999.0,Overstocked,1199,146278,50996.0,False,2024-11-30
TSS-0097,Movies & TV,Sweatshirt,S,16,0,1,0,15,6.2,0.01,999.0,Normal,1199,17985,6270.0,False,2024-11-30
TSS-0097,Movies & TV,Sweatshirt,M,33,66,2,0,97,2.0,0.01,999.0,Overstocked,1199,116303,40546.0,False,2024-11-30
TSS-0097,Movies & TV,Sweatshirt,L,39,35,2,0,72,2.7,0.01,999.0,Overstocked,1199,86328,30096.0,False,2024-11-30
TSS-0097,Movies & TV,Sweatshirt,XL,20,0,1,0,19,5.0,0.01,999.0,Normal,1199,22781,7942.0,False,2024-11-30
TSS-0097,Movies & TV,Sweatshirt,XXL,9,112,0,0,121,0.0,0.0,999.0,Overstocked,1199,145079,50578.0,False,2024-11-30
TSS-0098,Movies & TV,Sweatshirt,XS,6,0,1,0,5,16.7,0.01,500.0,Low Stock,1199,5995,1900.0,False,2024-11-30
TSS-0098,Movies & TV,Sweatshirt,S,17,10,2,0,25,7.4,0.01,999.0,Normal,1199,29975,9500.0,False,2024-11-30
TSS-0098,Movies & TV,Sweatshirt,M,41,0,5,0,36,12.2,0.03,999.0,Normal,1199,43164,13680.0,False,2024-11-30
TSS-0098,Movies & TV,Sweatshirt,L,40,0,3,0,37,7.5,0.02,999.0,Normal,1199,44363,14060.0,False,2024-11-30
TSS-0098,Movies & TV,Sweatshirt,XL,17,0,2,0,15,11.8,0.01,999.0,Normal,1199,17985,5700.0,False,2024-11-30
TSS-0098,Movies & TV,Sweatshirt,XXL,9,119,1,0,127,0.8,0.01,999.0,Overstocked,1199,152273,48260.0,False,2024-11-30
TSS-0099,Movies & TV,Joggers,XS,8,101,0,0,109,0.0,0.0,999.0,Overstocked,1199,130691,50903.0,False,2024-11-30
TSS-0099,Movies & TV,Joggers,S,33,0,1,0,32,3.0,0.01,999.0,Normal,1199,38368,14944.0,False,2024-11-30
TSS-0099,Movies & TV,Joggers,M,77,71,1,0,147,0.7,0.01,999.0,Overstocked,1199,176253,68649.0,False,2024-11-30
TSS-0099,Movies & TV,Joggers,L,78,0,1,0,77,1.3,0.01,999.0,Overstocked,1199,92323,35959.0,False,2024-11-30
TSS-0099,Movies & TV,Joggers,XL,45,15,1,0,59,1.7,0.01,999.0,Overstocked,1199,70741,27553.0,False,2024-11-30
TSS-0099,Movies & TV,Joggers,XXL,16,13,0,0,29,0.0,0.0,999.0,Normal,1199,34771,13543.0,False,2024-11-30
TSS-0100,Movies & TV,Joggers,XS,9,64,0,0,73,0.0,0.0,999.0,Overstocked,999,72927,26061.0,False,2024-11-30
TSS-0100,Movies & TV,Joggers,S,27,76,1,0,102,1.0,0.01,999.0,Overstocked,999,101898,36414.0,False,2024-11-30
TSS-0100,Movies & TV,Joggers,M,62,0,1,0,61,1.6,0.01,999.0,Overstocked,999,60939,21777.0,False,2024-11-30
TSS-0100,Movies & TV,Joggers,L,49,109,1,0,157,0.6,0.01,999.0,Overstocked,999,156843,56049.0,False,2024-11-30
TSS-0100,Movies & TV,Joggers,XL,30,0,0,0,30,0.0,0.0,999.0,Normal,999,29970,10710.0,False,2024-11-30
TSS-0100,Movies & TV,Joggers,XXL,16,0,0,0,16,0.0,0.0,999.0,Normal,999,15984,5712.0,False,2024-11-30
TSS-0101,Movies & TV,Classic T-Shirt,XS,10,0,0,0,10,0.0,0.0,999.0,Normal,699,6990,2480.0,False,2024-11-30
TSS-0101,Movies & TV,Classic T-Shirt,S,38,0,1,0,37,2.6,0.01,999.0,Normal,699,25863,9176.0,False,2024-11-30
TSS-0101,Movies & TV,Classic T-Shirt,M,67,81,1,0,147,0.7,0.01,999.0,Overstocked,699,102753,36456.0,False,2024-11-30
TSS-0101,Movies & TV,Classic T-Shirt,L,79,81,1,0,159,0.6,0.01,999.0,Overstocked,699,111141,39432.0,False,2024-11-30
TSS-0101,Movies & TV,Classic T-Shirt,XL,37,0,1,0,36,2.7,0.01,999.0,Normal,699,25164,8928.0,False,2024-11-30
TSS-0101,Movies & TV,Classic T-Shirt,XXL,19,148,0,0,167,0.0,0.0,999.0,Overstocked,699,116733,41416.0,False,2024-11-30
TSS-0102,Movies & TV,Classic T-Shirt,XS,3,139,0,0,142,0.0,0.0,999.0,Overstocked,599,85058,26128.0,False,2024-11-30
TSS-0102,Movies & TV,Classic T-Shirt,S,9,0,1,0,8,11.1,0.01,800.0,Low Stock,599,4792,1472.0,False,2024-11-30
TSS-0102,Movies & TV,Classic T-Shirt,M,24,0,1,0,23,4.2,0.01,999.0,Normal,599,13777,4232.0,False,2024-11-30
TSS-0102,Movies & TV,Classic T-Shirt,L,17,31,2,0,46,4.2,0.02,999.0,Normal,599,27554,8464.0,False,2024-11-30
TSS-0102,Movies & TV,Classic T-Shirt,XL,11,90,1,0,100,1.0,0.01,999.0,Overstocked,599,59900,18400.0,False,2024-11-30
TSS-0102,Movies & TV,Classic T-Shirt,XXL,6,0,0,0,6,0.0,0.0,999.0,Low Stock,599,3594,1104.0,False,2024-11-30
TSS-0103,Movies & TV,Oversized T-Shirt,XS,3,41,0,0,44,0.0,0.0,999.0,Normal,999,43956,15796.0,False,2024-11-30
TSS-0103,Movies & TV,Oversized T-Shirt,S,14,111,1,0,124,0.8,0.01,999.0,Overstocked,999,123876,44516.0,False,2024-11-30
TSS-0103,Movies & TV,Oversized T-Shirt,M,29,25,2,0,52,3.7,0.02,999.0,Overstocked,999,51948,18668.0,False,2024-11-30
TSS-0103,Movies & TV,Oversized T-Shirt,L,19,105,1,0,123,0.8,0.01,999.0,Overstocked,999,122877,44157.0,False,2024-11-30
TSS-0103,Movies & TV,Oversized T-Shirt,XL,14,113,1,0,126,0.8,0.01,999.0,Overstocked,999,125874,45234.0,False,2024-11-30
TSS-0103,Movies & TV,Oversized T-Shirt,XXL,6,54,0,0,60,0.0,0.0,999.0,Overstocked,999,59940,21540.0,False,2024-11-30
TSS-0104,Movies & TV,Oversized T-Shirt,XS,13,0,0,0,13,0.0,0.0,999.0,Normal,999,12987,4186.0,False,2024-11-30
TSS-0104,Movies & TV,Oversized T-Shirt,S,61,105,1,0,165,0.6,0.01,999.0,Overstocked,999,164835,53130.0,False,2024-11-30
TSS-0104,Movies & TV,Oversized T-Shirt,M,114,0,2,0,112,1.8,0.01,999.0,Overstocked,999,111888,36064.0,False,2024-11-30
TSS-0104,Movies & TV,Oversized T-Shirt,L,96,0,2,0,94,2.1,0.01,999.0,Overstocked,999,93906,30268.0,False,2024-11-30
TSS-0104,Movies & TV,Oversized T-Shirt,XL,63,61,1,0,123,0.8,0.01,999.0,Overstocked,999,122877,39606.0,False,2024-11-30
TSS-0104,Movies & TV,Oversized T-Shirt,XXL,19,0,0,0,19,0.0,0.0,999.0,Normal,999,18981,6118.0,False,2024-11-30
TSS-0105,Movies & TV,Hoodie,XS,9,81,0,0,90,0.0,0.0,999.0,Overstocked,1399,125910,49410.0,False,2024-11-30
TSS-0105,Movies & TV,Hoodie,S,38,0,0,0,38,0.0,0.0,999.0,Normal,1399,53162,20862.0,False,2024-11-30
TSS-0105,Movies & TV,Hoodie,M,68,147,1,0,214,0.5,0.01,999.0,Overstocked,1399,299386,117486.0,False,2024-11-30
TSS-0105,Movies & TV,Hoodie,L,57,103,1,0,159,0.6,0.01,999.0,Overstocked,1399,222441,87291.0,False,2024-11-30
TSS-0105,Movies & TV,Hoodie,XL,33,0,0,0,33,0.0,0.0,999.0,Normal,1399,46167,18117.0,False,2024-11-30
TSS-0105,Movies & TV,Hoodie,XXL,16,66,0,0,82,0.0,0.0,999.0,Overstocked,1399,114718,45018.0,False,2024-11-30
TSS-0106,Sports,Classic T-Shirt,XS,12,0,0,0,12,0.0,0.0,999.0,Normal,699,8388,3084.0,False,2024-11-30
TSS-0106,Sports,Classic T-Shirt,S,52,0,0,0,52,0.0,0.0,999.0,Overstocked,699,36348,13364.0,False,2024-11-30
TSS-0106,Sports,Classic T-Shirt,M,112,6,1,0,117,0.8,0.01,999.0,Overstocked,699,81783,30069.0,False,2024-11-30
TSS-0106,Sports,Classic T-Shirt,L,87,91,1,0,177,0.6,0.01,999.0,Overstocked,699,123723,45489.0,False,2024-11-30
TSS-0106,Sports,Classic T-Shirt,XL,45,0,1,0,44,2.2,0.01,999.0,Normal,699,30756,11308.0,False,2024-11-30
TSS-0106,Sports,Classic T-Shirt,XXL,25,0,0,0,25,0.0,0.0,999.0,Normal,699,17475,6425.0,False,2024-11-30
TSS-0107,Sports,Classic T-Shirt,XS,3,0,0,0,3,0.0,0.0,999.0,Low Stock,799,2397,921.0,True,2024-11-30
TSS-0107,Sports,Classic T-Shirt,S,13,0,1,0,12,7.7,0.01,999.0,Normal,799,9588,3684.0,False,2024-11-30
TSS-0107,Sports,Classic T-Shirt,M,20,0,1,0,19,5.0,0.01,999.0,Normal,799,15181,5833.0,False,2024-11-30
TSS-0107,Sports,Classic T-Shirt,L,24,53,1,0,76,1.3,0.01,999.0,Overstocked,799,60724,23332.0,False,2024-11-30
TSS-0107,Sports,Classic T-Shirt,XL,10,0,1,0,9,10.0,0.01,900.0,Low Stock,799,7191,2763.0,False,2024-11-30
TSS-0107,Sports,Classic T-Shirt,XXL,6,0,0,0,6,0.0,0.0,999.0,Low Stock,799,4794,1842.0,False,2024-11-30
TSS-0108,Sports,Oversized T-Shirt,XS,7,0,0,0,7,0.0,0.0,999.0,Low Stock,799,5593,2128.0,False,2024-11-30
TSS-0108,Sports,Oversized T-Shirt,S,23,8,0,0,31,0.0,0.0,999.0,Normal,799,24769,9424.0,False,2024-11-30
TSS-0108,Sports,Oversized T-Shirt,M,42,139,0,0,181,0.0,0.0,999.0,Overstocked,799,144619,55024.0,False,2024-11-30
TSS-0108,Sports,Oversized T-Shirt,L,38,0,0,0,38,0.0,0.0,999.0,Normal,799,30362,11552.0,False,2024-11-30
TSS-0108,Sports,Oversized T-Shirt,XL,24,55,0,0,79,0.0,0.0,999.0,Overstocked,799,63121,24016.0,False,2024-11-30
TSS-0108,Sports,Oversized T-Shirt,XXL,9,0,0,0,9,0.0,0.0,999.0,Low Stock,799,7191,2736.0,False,2024-11-30
TSS-0109,Sports,Oversized T-Shirt,XS,9,0,0,0,9,0.0,0.0,999.0,Low Stock,699,6291,2178.0,False,2024-11-30
TSS-0109,Sports,Oversized T-Shirt,S,27,75,2,0,100,2.0,0.01,999.0,Overstocked,699,69900,24200.0,False,2024-11-30
TSS-0109,Sports,Oversized T-Shirt,M,56,49,3,0,102,2.9,0.02,999.0,Overstocked,699,71298,24684.0,False,2024-11-30
TSS-0109,Sports,Oversized T-Shirt,L,62,100,3,0,159,1.9,0.02,999.0,Overstocked,699,111141,38478.0,False,2024-11-30
TSS-0109,Sports,Oversized T-Shirt,XL,32,0,2,0,30,6.2,0.01,999.0,Normal,699,20970,7260.0,False,2024-11-30
TSS-0109,Sports,Oversized T-Shirt,XXL,13,69,1,0,81,1.2,0.01,999.0,Overstocked,699,56619,19602.0,False,2024-11-30
TSS-0110,Sports,Hoodie,XS,8,145,0,0,153,0.0,0.0,999.0,Overstocked,1399,214047,78489.0,False,2024-11-30
TSS-0110,Sports,Hoodie,S,32,8,1,0,39,2.5,0.01,999.0,Normal,1399,54561,20007.0,False,2024-11-30
TSS-0110,Sports,Hoodie,M,54,135,2,0,187,1.1,0.02,999.0,Overstocked,1399,261613,95931.0,False,2024-11-30
TSS-0110,Sports,Hoodie,L,46,0,2,0,44,4.3,0.02,999.0,Normal,1399,61556,22572.0,False,2024-11-30
TSS-0110,Sports,Hoodie,XL,25,95,1,0,119,0.8,0.01,999.0,Overstocked,1399,166481,61047.0,False,2024-11-30
TSS-0110,Sports,Hoodie,XXL,11,84,0,0,95,0.0,0.0,999.0,Overstocked,1399,132905,48735.0,False,2024-11-30
TSS-0111,Sports,Hoodie,XS,7,0,0,0,7,0.0,0.0,999.0,Low Stock,1399,9793,3122.0,False,2024-11-30
TSS-0111,Sports,Hoodie,S,25,0,1,0,24,4.0,0.01,999.0,Normal,1399,33576,10704.0,False,2024-11-30
TSS-0111,Sports,Hoodie,M,67,19,2,0,84,2.3,0.03,999.0,Overstocked,1399,117516,37464.0,False,2024-11-30
TSS-0111,Sports,Hoodie,L,57,81,2,0,136,1.4,0.03,999.0,Overstocked,1399,190264,60656.0,False,2024-11-30
TSS-0111,Sports,Hoodie,XL,30,0,1,0,29,3.3,0.01,999.0,Normal,1399,40571,12934.0,False,2024-11-30
TSS-0111,Sports,Hoodie,XXL,13,98,0,0,111,0.0,0.0,999.0,Overstocked,1399,155289,49506.0,False,2024-11-30
TSS-0112,Sports,Joggers,XS,5,147,0,0,152,0.0,0.0,999.0,Overstocked,1099,167048,58216.0,False,2024-11-30
TSS-0112,Sports,Joggers,S,20,103,1,0,122,0.8,0.01,999.0,Overstocked,1099,134078,46726.0,False,2024-11-30
TSS-0112,Sports,Joggers,M,44,0,1,0,43,2.3,0.01,999.0,Normal,1099,47257,16469.0,False,2024-11-30
TSS-0112,Sports,Joggers,L,46,77,1,0,122,0.8,0.01,999.0,Overstocked,1099,134078,46726.0,False,2024-11-30
TSS-0112,Sports,Joggers,XL,22,80,1,0,101,1.0,0.01,999.0,Overstocked,1099,110999,38683.0,False,2024-11-30
TSS-0112,Sports,Joggers,XXL,9,126,1,0,134,0.7,0.01,999.0,Overstocked,1099,147266,51322.0,False,2024-11-30
TSS-0113,Sports,Joggers,XS,13,0,0,0,13,0.0,0.0,999.0,Normal,1199,15587,5551.0,False,2024-11-30
TSS-0113,Sports,Joggers,S,47,0,0,0,47,0.0,0.0,999.0,Normal,1199,56353,20069.0,False,2024-11-30
TSS-0113,Sports,Joggers,M,123,43,1,0,165,0.6,0.01,999.0,Overstocked,1199,197835,70455.0,False,2024-11-30
TSS-0113,Sports,Joggers,L,120,137,1,0,256,0.4,0.01,999.0,Overstocked,1199,306944,109312.0,False,2024-11-30
TSS-0113,Sports,Joggers,XL,70,0,1,0,69,1.4,0.01,999.0,Overstocked,1199,82731,29463.0,False,2024-11-30
TSS-0113,Sports,Joggers,XXL,32,0,0,0,32,0.0,0.0,999.0,Normal,1199,38368,13664.0,False,2024-11-30
TSS-0114,Sports,Shorts,XS,14,0,0,0,14,0.0,0.0,999.0,Normal,799,11186,4116.0,False,2024-11-30
TSS-0114,Sports,Shorts,S,47,0,1,0,46,2.1,0.01,999.0,Normal,799,36754,13524.0,False,2024-11-30
TSS-0114,Sports,Shorts,M,110,105,1,0,214,0.5,0.01,999.0,Overstocked,799,170986,62916.0,False,2024-11-30
TSS-0114,Sports,Shorts,L,90,0,1,0,89,1.1,0.01,999.0,Overstocked,799,71111,26166.0,False,2024-11-30
TSS-0114,Sports,Shorts,XL,46,123,1,0,168,0.6,0.01,999.0,Overstocked,799,134232,49392.0,False,2024-11-30
TSS-0114,Sports,Shorts,XXL,20,0,0,0,20,0.0,0.0,999.0,Normal,799,15980,5880.0,False,2024-11-30
TSS-0115,Sports,Shorts,XS,11,52,0,0,63,0.0,0.0,999.0,Overstocked,899,56637,18459.0,False,2024-11-30
TSS-0115,Sports,Shorts,S,39,0,0,0,39,0.0,0.0,999.0,Normal,899,35061,11427.0,False,2024-11-30
TSS-0115,Sports,Shorts,M,75,87,0,0,162,0.0,0.0,999.0,Overstocked,899,145638,47466.0,False,2024-11-30
TSS-0115,Sports,Shorts,L,74,79,0,0,153,0.0,0.0,999.0,Overstocked,899,137547,44829.0,False,2024-11-30
TSS-0115,Sports,Shorts,XL,48,0,0,0,48,0.0,0.0,999.0,Normal,899,43152,14064.0,False,2024-11-30
TSS-0115,Sports,Shorts,XXL,18,131,0,0,149,0.0,0.0,999.0,Overstocked,899,133951,43657.0,False,2024-11-30
TSS-0116,Sports,Classic T-Shirt,XS,3,78,0,0,81,0.0,0.0,999.0,Overstocked,799,64719,21951.0,False,2024-11-30
TSS-0116,Sports,Classic T-Shirt,S,13,27,1,0,39,2.5,0.01,999.0,Normal,799,31161,10569.0,False,2024-11-30
TSS-0116,Sports,Classic T-Shirt,M,36,0,2,0,34,5.6,0.01,999.0,Normal,799,27166,9214.0,False,2024-11-30
TSS-0116,Sports,Classic T-Shirt,L,29,0,3,0,26,10.3,0.02,999.0,Normal,799,20774,7046.0,False,2024-11-30
TSS-0116,Sports,Classic T-Shirt,XL,16,0,1,0,15,6.2,0.01,999.0,Normal,799,11985,4065.0,False,2024-11-30
TSS-0116,Sports,Classic T-Shirt,XXL,6,0,0,0,6,0.0,0.0,999.0,Low Stock,799,4794,1626.0,False,2024-11-30
TSS-0117,Sports,Classic T-Shirt,XS,8,75,0,0,83,0.0,0.0,999.0,Overstocked,899,74617,23821.0,False,2024-11-30
TSS-0117,Sports,Classic T-Shirt,S,24,132,1,0,155,0.6,0.01,999.0,Overstocked,899,139345,44485.0,False,2024-11-30
TSS-0117,Sports,Classic T-Shirt,M,56,56,2,0,110,1.8,0.01,999.0,Overstocked,899,98890,31570.0,False,2024-11-30
TSS-0117,Sports,Classic T-Shirt,L,51,0,2,0,49,3.9,0.01,999.0,Normal,899,44051,14063.0,False,2024-11-30
TSS-0117,Sports,Classic T-Shirt,XL,33,103,1,0,135,0.7,0.01,999.0,Overstocked,899,121365,38745.0,False,2024-11-30
TSS-0117,Sports,Classic T-Shirt,XXL,14,68,1,0,81,1.2,0.01,999.0,Overstocked,899,72819,23247.0,False,2024-11-30
TSS-0118,Sports,Oversized T-Shirt,XS,11,73,0,0,84,0.0,0.0,999.0,Overstocked,799,67116,20580.0,False,2024-11-30
TSS-0118,Sports,Oversized T-Shirt,S,45,122,1,0,166,0.6,0.01,999.0,Overstocked,799,132634,40670.0,False,2024-11-30
TSS-0118,Sports,Oversized T-Shirt,M,97,0,2,0,95,2.1,0.01,999.0,Overstocked,799,75905,23275.0,False,2024-11-30
TSS-0118,Sports,Oversized T-Shirt,L,79,3,2,0,80,2.4,0.01,999.0,Overstocked,799,63920,19600.0,False,2024-11-30
TSS-0118,Sports,Oversized T-Shirt,XL,39,19,1,0,57,1.7,0.01,999.0,Overstocked,799,45543,13965.0,False,2024-11-30
TSS-0118,Sports,Oversized T-Shirt,XXL,17,0,0,0,17,0.0,0.0,999.0,Normal,799,13583,4165.0,False,2024-11-30
TSS-0119,Sports,Oversized T-Shirt,XS,7,11,0,0,18,0.0,0.0,999.0,Normal,899,16182,5706.0,False,2024-11-30
TSS-0119,Sports,Oversized T-Shirt,S,27,134,1,0,160,0.6,0.01,999.0,Overstocked,899,143840,50720.0,False,2024-11-30
TSS-0119,Sports,Oversized T-Shirt,M,51,0,2,0,49,3.9,0.02,999.0,Normal,899,44051,15533.0,False,2024-11-30
TSS-0119,Sports,Oversized T-Shirt,L,43,0,1,0,42,2.3,0.01,999.0,Normal,899,37758,13314.0,False,2024-11-30
TSS-0119,Sports,Oversized T-Shirt,XL,22,90,1,0,111,0.9,0.01,999.0,Overstocked,899,99789,35187.0,False,2024-11-30
TSS-0119,Sports,Oversized T-Shirt,XXL,11,123,0,0,134,0.0,0.0,999.0,Overstocked,899,120466,42478.0,False,2024-11-30
TSS-0120,Sports,Hoodie,XS,6,0,0,0,6,0.0,0.0,999.0,Low Stock,1599,9594,3198.0,False,2024-11-30
TSS-0120,Sports,Hoodie,S,21,0,1,0,20,4.8,0.02,999.0,Normal,1599,31980,10660.0,False,2024-11-30
TSS-0120,Sports,Hoodie,M,44,92,1,0,135,0.7,0.02,999.0,Overstocked,1599,215865,71955.0,False,2024-11-30
TSS-0120,Sports,Hoodie,L,44,0,1,0,43,2.3,0.02,999.0,Normal,1599,68757,22919.0,False,2024-11-30
TSS-0120,Sports,Hoodie,XL,22,115,1,0,136,0.7,0.02,999.0,Overstocked,1599,217464,72488.0,False,2024-11-30
TSS-0120,Sports,Hoodie,XXL,8,89,0,0,97,0.0,0.0,999.0,Overstocked,1599,155103,51701.0,False,2024-11-30
TSS-0121,Basics,Classic T-Shirt,XS,11,79,0,0,90,0.0,0.0,999.0,Overstocked,699,62910,26100.0,False,2024-11-30
TSS-0121,Basics,Classic T-Shirt,S,47,31,1,0,77,1.3,0.01,999.0,Overstocked,699,53823,22330.0,False,2024-11-30
TSS-0121,Basics,Classic T-Shirt,M,104,73,1,0,176,0.6,0.01,999.0,Overstocked,699,123024,51040.0,False,2024-11-30
TSS-0121,Basics,Classic T-Shirt,L,96,0,1,0,95,1.0,0.01,999.0,Overstocked,699,66405,27550.0,False,2024-11-30
TSS-0121,Basics,Classic T-Shirt,XL,43,41,1,0,83,1.2,0.01,999.0,Overstocked,699,58017,24070.0,False,2024-11-30
TSS-0121,Basics,Classic T-Shirt,XXL,23,0,0,0,23,0.0,0.0,999.0,Normal,699,16077,6670.0,False,2024-11-30
TSS-0122,Basics,Classic T-Shirt,XS,3,0,0,0,3,0.0,0.0,999.0,Low Stock,899,2697,1008.0,True,2024-11-30
TSS-0122,Basics,Classic T-Shirt,S,12,0,1,0,11,8.3,0.01,999.0,Normal,899,9889,3696.0,False,2024-11-30
TSS-0122,Basics,Classic T-Shirt,M,21,143,1,0,163,0.6,0.01,999.0,Overstocked,899,146537,54768.0,False,2024-11-30
TSS-0122,Basics,Classic T-Shirt,L,20,50,2,0,68,2.9,0.02,999.0,Overstocked,899,61132,22848.0,False,2024-11-30
TSS-0122,Basics,Classic T-Shirt,XL,11,0,1,0,10,9.1,0.01,999.0,Normal,899,8990,3360.0,False,2024-11-30
TSS-0122,Basics,Classic T-Shirt,XXL,6,0,0,0,6,0.0,0.0,999.0,Low Stock,899,5394,2016.0,False,2024-11-30
TSS-0123,Basics,Oversized T-Shirt,XS,10,79,0,0,89,0.0,0.0,999.0,Overstocked,699,62211,21271.0,False,2024-11-30
TSS-0123,Basics,Oversized T-Shirt,S,38,35,1,0,72,1.4,0.0,999.0,Overstocked,699,50328,17208.0,False,2024-11-30
TSS-0123,Basics,Oversized T-Shirt,M,56,77,2,0,131,1.5,0.01,999.0,Overstocked,699,91569,31309.0,False,2024-11-30
TSS-0123,Basics,Oversized T-Shirt,L,72,46,2,0,116,1.7,0.01,999.0,Overstocked,699,81084,27724.0,False,2024-11-30
TSS-0123,Basics,Oversized T-Shirt,XL,34,0,1,0,33,2.9,0.0,999.0,Normal,699,23067,7887.0,False,2024-11-30
TSS-0123,Basics,Oversized T-Shirt,XXL,18,119,1,0,136,0.7,0.0,999.0,Overstocked,699,95064,32504.0,False,2024-11-30
TSS-0124,Basics,Oversized T-Shirt,XS,16,143,0,0,159,0.0,0.0,999.0,Overstocked,799,127041,51516.0,False,2024-11-30
TSS-0124,Basics,Oversized T-Shirt,S,43,0,1,0,42,2.3,0.01,999.0,Normal,799,33558,13608.0,False,2024-11-30
TSS-0124,Basics,Oversized T-Shirt,M,105,0,3,0,102,2.9,0.02,999.0,Overstocked,799,81498,33048.0,False,2024-11-30
TSS-0124,Basics,Oversized T-Shirt,L,110,0,3,0,107,2.7,0.02,999.0,Overstocked,799,85493,34668.0,False,2024-11-30
TSS-0124,Basics,Oversized T-Shirt,XL,58,132,1,0,189,0.5,0.01,999.0,Overstocked,799,151011,61236.0,False,2024-11-30
TSS-0124,Basics,Oversized T-Shirt,XXL,20,27,1,0,46,2.1,0.01,999.0,Normal,799,36754,14904.0,False,2024-11-30
TSS-0125,Basics,Polo T-Shirt,XS,6,84,0,0,90,0.0,0.0,999.0,Overstocked,799,71910,22680.0,False,2024-11-30
TSS-0125,Basics,Polo T-Shirt,S,27,13,1,0,39,2.5,0.01,999.0,Normal,799,31161,9828.0,False,2024-11-30
TSS-0125,Basics,Polo T-Shirt,M,53,34,1,0,86,1.1,0.01,999.0,Overstocked,799,68714,21672.0,False,2024-11-30
TSS-0125,Basics,Polo T-Shirt,L,55,0,1,0,54,1.8,0.01,999.0,Overstocked,799,43146,13608.0,False,2024-11-30
TSS-0125,Basics,Polo T-Shirt,XL,22,51,0,0,73,0.0,0.0,999.0,Overstocked,799,58327,18396.0,False,2024-11-30
TSS-0125,Basics,Polo T-Shirt,XXL,13,0,0,0,13,0.0,0.0,999.0,Normal,799,10387,3276.0,False,2024-11-30
TSS-0126,Basics,Polo T-Shirt,XS,6,113,0,0,119,0.0,0.0,999.0,Overstocked,999,118881,45696.0,False,2024-11-30
TSS-0126,Basics,Polo T-Shirt,S,22,47,0,0,69,0.0,0.0,999.0,Overstocked,999,68931,26496.0,False,2024-11-30
TSS-0126,Basics,Polo T-Shirt,M,50,112,1,0,161,0.6,0.01,999.0,Overstocked,999,160839,61824.0,False,2024-11-30
TSS-0126,Basics,Polo T-Shirt,L,44,47,0,0,91,0.0,0.0,999.0,Overstocked,999,90909,34944.0,False,2024-11-30
TSS-0126,Basics,Polo T-Shirt,XL,23,139,0,0,162,0.0,0.0,999.0,Overstocked,999,161838,62208.0,False,2024-11-30
TSS-0126,Basics,Polo T-Shirt,XXL,10,0,0,0,10,0.0,0.0,999.0,Normal,999,9990,3840.0,False,2024-11-30
TSS-0127,Basics,Hoodie,XS,2,0,0,0,2,0.0,0.0,999.0,Low Stock,1499,2998,1238.0,True,2024-11-30
TSS-0127,Basics,Hoodie,S,11,0,0,0,11,0.0,0.0,999.0,Normal,1499,16489,6809.0,False,2024-11-30
TSS-0127,Basics,Hoodie,M,18,8,1,0,25,3.8,0.01,999.0,Normal,1499,37475,15475.0,False,2024-11-30
TSS-0127,Basics,Hoodie,L,18,0,1,0,17,5.6,0.01,999.0,Normal,1499,25483,10523.0,False,2024-11-30
TSS-0127,Basics,Hoodie,XL,10,70,0,0,80,0.0,0.0,999.0,Overstocked,1499,119920,49520.0,False,2024-11-30
TSS-0127,Basics,Hoodie,XXL,4,53,0,0,57,0.0,0.0,999.0,Overstocked,1499,85443,35283.0,False,2024-11-30
TSS-0128,Basics,Hoodie,XS,9,0,0,0,9,0.0,0.0,999.0,Low Stock,1599,14391,5139.0,False,2024-11-30
TSS-0128,Basics,Hoodie,S,38,0,1,0,37,2.6,0.01,999.0,Normal,1599,59163,21127.0,False,2024-11-30
TSS-0128,Basics,Hoodie,M,63,77,3,0,137,2.1,0.04,999.0,Overstocked,1599,219063,78227.0,False,2024-11-30
TSS-0128,Basics,Hoodie,L,74,120,2,0,192,1.0,0.02,999.0,Overstocked,1599,307008,109632.0,False,2024-11-30
TSS-0128,Basics,Hoodie,XL,40,134,1,0,173,0.6,0.01,999.0,Overstocked,1599,276627,98783.0,False,2024-11-30
TSS-0128,Basics,Hoodie,XXL,17,149,1,0,165,0.6,0.01,999.0,Overstocked,1599,263835,94215.0,False,2024-11-30
TSS-0129,Basics,Joggers,XS,3,40,0,0,43,0.0,0.0,999.0,Normal,899,38657,14577.0,False,2024-11-30
TSS-0129,Basics,Joggers,S,12,82,1,0,93,1.1,0.01,999.0,Overstocked,899,83607,31527.0,False,2024-11-30
TSS-0129,Basics,Joggers,M,27,60,1,0,86,1.1,0.01,999.0,Overstocked,899,77314,29154.0,False,2024-11-30
TSS-0129,Basics,Joggers,L,25,0,1,0,24,4.0,0.01,999.0,Normal,899,21576,8136.0,False,2024-11-30
TSS-0129,Basics,Joggers,XL,11,0,0,0,11,0.0,0.0,999.0,Normal,899,9889,3729.0,False,2024-11-30
TSS-0129,Basics,Joggers,XXL,6,0,0,0,6,0.0,0.0,999.0,Low Stock,899,5394,2034.0,False,2024-11-30
TSS-0130,Basics,Joggers,XS,5,0,0,0,5,0.0,0.0,999.0,Low Stock,1099,5495,2155.0,False,2024-11-30
TSS-0130,Basics,Joggers,S,25,50,0,0,75,0.0,0.0,999.0,Overstocked,1099,82425,32325.0,False,2024-11-30
TSS-0130,Basics,Joggers,M,43,0,0,0,43,0.0,0.0,999.0,Normal,1099,47257,18533.0,False,2024-11-30
TSS-0130,Basics,Joggers,L,49,0,1,0,48,2.0,0.01,999.0,Normal,1099,52752,20688.0,False,2024-11-30
TSS-0130,Basics,Joggers,XL,26,0,0,0,26,0.0,0.0,999.0,Normal,1099,28574,11206.0,False,2024-11-30
TSS-0130,Basics,Joggers,XXL,10,139,0,0,149,0.0,0.0,999.0,Overstocked,1099,163751,64219.0,False,2024-11-30
TSS-0131,Basics,Classic T-Shirt,XS,3,135,0,0,138,0.0,0.0,999.0,Overstocked,799,110262,43470.0,False,2024-11-30
TSS-0131,Basics,Classic T-Shirt,S,10,90,1,0,99,1.0,0.01,999.0,Overstocked,799,79101,31185.0,False,2024-11-30
TSS-0131,Basics,Classic T-Shirt,M,23,112,1,0,134,0.7,0.01,999.0,Overstocked,799,107066,42210.0,False,2024-11-30
TSS-0131,Basics,Classic T-Shirt,L,16,0,2,0,14,12.5,0.01,999.0,Normal,799,11186,4410.0,False,2024-11-30
TSS-0131,Basics,Classic T-Shirt,XL,9,0,1,0,8,11.1,0.01,800.0,Low Stock,799,6392,2520.0,False,2024-11-30
TSS-0131,Basics,Classic T-Shirt,XXL,4,64,0,0,68,0.0,0.0,999.0,Overstocked,799,54332,21420.0,False,2024-11-30
TSS-0132,Basics,Classic T-Shirt,XS,3,0,0,0,3,0.0,0.0,999.0,Low Stock,799,2397,873.0,True,2024-11-30
TSS-0132,Basics,Classic T-Shirt,S,10,128,1,0,137,0.7,0.01,999.0,Overstocked,799,109463,39867.0,False,2024-11-30
TSS-0132,Basics,Classic T-Shirt,M,23,149,2,0,170,1.2,0.01,999.0,Overstocked,799,135830,49470.0,False,2024-11-30
TSS-0132,Basics,Classic T-Shirt,L,19,0,2,0,17,10.5,0.01,999.0,Normal,799,13583,4947.0,False,2024-11-30
TSS-0132,Basics,Classic T-Shirt,XL,11,35,1,0,45,2.2,0.01,999.0,Normal,799,35955,13095.0,False,2024-11-30
TSS-0132,Basics,Classic T-Shirt,XXL,5,15,0,0,20,0.0,0.0,999.0,Normal,799,15980,5820.0,False,2024-11-30
TSS-0133,Basics,Oversized T-Shirt,XS,11,9,0,0,20,0.0,0.0,999.0,Normal,699,13980,4480.0,False,2024-11-30
TSS-0133,Basics,Oversized T-Shirt,S,34,20,2,0,52,3.7,0.01,999.0,Overstocked,699,36348,11648.0,False,2024-11-30
TSS-0133,Basics,Oversized T-Shirt,M,60,26,3,0,83,3.5,0.02,999.0,Overstocked,699,58017,18592.0,False,2024-11-30
TSS-0133,Basics,Oversized T-Shirt,L,69,77,4,0,142,2.7,0.03,999.0,Overstocked,699,99258,31808.0,False,2024-11-30
TSS-0133,Basics,Oversized T-Shirt,XL,33,6,2,0,37,5.1,0.01,999.0,Normal,699,25863,8288.0,False,2024-11-30
TSS-0133,Basics,Oversized T-Shirt,XXL,17,4,1,0,20,4.8,0.01,999.0,Normal,699,13980,4480.0,False,2024-11-30
TSS-0134,Basics,Oversized T-Shirt,XS,18,110,0,0,128,0.0,0.0,999.0,Overstocked,899,115072,39936.0,False,2024-11-30
TSS-0134,Basics,Oversized T-Shirt,S,51,0,1,0,50,2.0,0.01,999.0,Normal,899,44950,15600.0,False,2024-11-30
TSS-0134,Basics,Oversized T-Shirt,M,113,0,3,0,110,2.7,0.03,999.0,Overstocked,899,98890,34320.0,False,2024-11-30
TSS-0134,Basics,Oversized T-Shirt,L,94,0,2,0,92,2.1,0.02,999.0,Overstocked,899,82708,28704.0,False,2024-11-30
TSS-0134,Basics,Oversized T-Shirt,XL,72,11,2,0,81,2.4,0.02,999.0,Overstocked,899,72819,25272.0,False,2024-11-30
TSS-0134,Basics,Oversized T-Shirt,XXL,30,19,0,0,49,0.0,0.0,999.0,Normal,899,44051,15288.0,False,2024-11-30
TSS-0135,Basics,Polo T-Shirt,XS,6,0,0,0,6,0.0,0.0,999.0,Low Stock,799,4794,1824.0,False,2024-11-30
TSS-0135,Basics,Polo T-Shirt,S,29,0,1,0,28,3.4,0.01,999.0,Normal,799,22372,8512.0,False,2024-11-30
TSS-0135,Basics,Polo T-Shirt,M,52,0,2,0,50,3.8,0.01,999.0,Normal,799,39950,15200.0,False,2024-11-30
TSS-0135,Basics,Polo T-Shirt,L,49,56,1,0,104,1.0,0.01,999.0,Overstocked,799,83096,31616.0,False,2024-11-30
TSS-0135,Basics,Polo T-Shirt,XL,25,62,1,0,86,1.1,0.01,999.0,Overstocked,799,68714,26144.0,False,2024-11-30
TSS-0135,Basics,Polo T-Shirt,XXL,12,13,0,0,25,0.0,0.0,999.0,Normal,799,19975,7600.0,False,2024-11-30
TSS-0136,Original Art,Classic T-Shirt,XS,9,20,0,0,29,0.0,0.0,999.0,Normal,899,26071,10527.0,False,2024-11-30
TSS-0136,Original Art,Classic T-Shirt,S,33,0,1,0,32,3.0,0.02,999.0,Normal,899,28768,11616.0,False,2024-11-30
TSS-0136,Original Art,Classic T-Shirt,M,53,36,1,0,88,1.1,0.02,999.0,Overstocked,899,79112,31944.0,False,2024-11-30
TSS-0136,Original Art,Classic T-Shirt,L,51,29,1,0,79,1.2,0.02,999.0,Overstocked,899,71021,28677.0,False,2024-11-30
TSS-0136,Original Art,Classic T-Shirt,XL,27,76,1,0,102,1.0,0.02,999.0,Overstocked,899,91698,37026.0,False,2024-11-30
TSS-0136,Original Art,Classic T-Shirt,XXL,12,126,0,0,138,0.0,0.0,999.0,Overstocked,899,124062,50094.0,False,2024-11-30
TSS-0137,Original Art,Classic T-Shirt,XS,15,0,0,0,15,0.0,0.0,999.0,Normal,799,11985,4755.0,False,2024-11-30
TSS-0137,Original Art,Classic T-Shirt,S,60,8,2,0,66,2.9,0.01,999.0,Overstocked,799,52734,20922.0,False,2024-11-30
TSS-0137,Original Art,Classic T-Shirt,M,96,86,5,0,177,2.7,0.03,999.0,Overstocked,799,141423,56109.0,False,2024-11-30
TSS-0137,Original Art,Classic T-Shirt,L,124,7,3,0,128,2.3,0.02,999.0,Overstocked,799,102272,40576.0,False,2024-11-30
TSS-0137,Original Art,Classic T-Shirt,XL,61,14,2,0,73,2.7,0.01,999.0,Overstocked,799,58327,23141.0,False,2024-11-30
TSS-0137,Original Art,Classic T-Shirt,XXL,32,73,1,0,104,1.0,0.01,999.0,Overstocked,799,83096,32968.0,False,2024-11-30
TSS-0138,Original Art,Oversized T-Shirt,XS,6,145,0,0,151,0.0,0.0,999.0,Overstocked,899,135749,43790.0,False,2024-11-30
TSS-0138,Original Art,Oversized T-Shirt,S,27,60,1,0,86,1.1,0.01,999.0,Overstocked,899,77314,24940.0,False,2024-11-30
TSS-0138,Original Art,Oversized T-Shirt,M,51,21,3,0,69,4.2,0.02,999.0,Overstocked,899,62031,20010.0,False,2024-11-30
TSS-0138,Original Art,Oversized T-Shirt,L,39,9,2,0,46,4.2,0.01,999.0,Normal,899,41354,13340.0,False,2024-11-30
TSS-0138,Original Art,Oversized T-Shirt,XL,26,3,1,0,28,3.4,0.01,999.0,Normal,899,25172,8120.0,False,2024-11-30
TSS-0138,Original Art,Oversized T-Shirt,XXL,10,0,0,0,10,0.0,0.0,999.0,Normal,899,8990,2900.0,False,2024-11-30
TSS-0139,Original Art,Oversized T-Shirt,XS,12,91,0,0,103,0.0,0.0,999.0,Overstocked,699,71997,22969.0,False,2024-11-30
TSS-0139,Original Art,Oversized T-Shirt,S,40,0,2,0,38,5.0,0.01,999.0,Normal,699,26562,8474.0,False,2024-11-30
TSS-0139,Original Art,Oversized T-Shirt,M,94,0,2,0,92,2.1,0.01,999.0,Overstocked,699,64308,20516.0,False,2024-11-30
TSS-0139,Original Art,Oversized T-Shirt,L,93,0,4,0,89,4.3,0.03,999.0,Overstocked,699,62211,19847.0,False,2024-11-30
TSS-0139,Original Art,Oversized T-Shirt,XL,51,0,2,0,49,3.9,0.01,999.0,Normal,699,34251,10927.0,False,2024-11-30
TSS-0139,Original Art,Oversized T-Shirt,XXL,18,0,1,0,17,5.6,0.01,999.0,Normal,699,11883,3791.0,False,2024-11-30
TSS-0140,Original Art,Hoodie,XS,8,0,0,0,8,0.0,0.0,999.0,Low Stock,1499,11992,4008.0,False,2024-11-30
TSS-0140,Original Art,Hoodie,S,30,0,1,0,29,3.3,0.01,999.0,Normal,1499,43471,14529.0,False,2024-11-30
TSS-0140,Original Art,Hoodie,M,64,0,3,0,61,4.7,0.02,999.0,Overstocked,1499,91439,30561.0,False,2024-11-30
TSS-0140,Original Art,Hoodie,L,49,0,2,0,47,4.1,0.01,999.0,Normal,1499,70453,23547.0,False,2024-11-30
TSS-0140,Original Art,Hoodie,XL,27,0,1,0,26,3.7,0.01,999.0,Normal,1499,38974,13026.0,False,2024-11-30
TSS-0140,Original Art,Hoodie,XXL,13,72,0,0,85,0.0,0.0,999.0,Overstocked,1499,127415,42585.0,False,2024-11-30
TSS-0141,Original Art,Hoodie,XS,16,0,0,0,16,0.0,0.0,999.0,Normal,1399,22384,7376.0,False,2024-11-30
TSS-0141,Original Art,Hoodie,S,54,7,0,0,61,0.0,0.0,999.0,Overstocked,1399,85339,28121.0,False,2024-11-30
TSS-0141,Original Art,Hoodie,M,129,6,1,0,134,0.7,0.01,999.0,Overstocked,1399,187466,61774.0,False,2024-11-30
TSS-0141,Original Art,Hoodie,L,95,130,1,0,224,0.4,0.01,999.0,Overstocked,1399,313376,103264.0,False,2024-11-30
TSS-0141,Original Art,Hoodie,XL,69,0,1,0,68,1.4,0.01,999.0,Overstocked,1399,95132,31348.0,False,2024-11-30
TSS-0141,Original Art,Hoodie,XXL,22,20,0,0,42,0.0,0.0,999.0,Normal,1399,58758,19362.0,False,2024-11-30
TSS-0142,Original Art,Sweatshirt,XS,15,147,0,0,162,0.0,0.0,999.0,Overstocked,999,161838,60912.0,False,2024-11-30
TSS-0142,Original Art,Sweatshirt,S,47,0,1,0,46,2.1,0.01,999.0,Normal,999,45954,17296.0,False,2024-11-30
TSS-0142,Original Art,Sweatshirt,M,97,133,1,0,229,0.4,0.01,999.0,Overstocked,999,228771,86104.0,False,2024-11-30
TSS-0142,Original Art,Sweatshirt,L,98,0,1,0,97,1.0,0.01,999.0,Overstocked,999,96903,36472.0,False,2024-11-30
TSS-0142,Original Art,Sweatshirt,XL,55,0,1,0,54,1.8,0.01,999.0,Overstocked,999,53946,20304.0,False,2024-11-30
TSS-0142,Original Art,Sweatshirt,XXL,18,0,0,0,18,0.0,0.0,999.0,Normal,999,17982,6768.0,False,2024-11-30
TSS-0143,Original Art,Sweatshirt,XS,7,0,0,0,7,0.0,0.0,999.0,Low Stock,1099,7693,3227.0,False,2024-11-30
TSS-0143,Original Art,Sweatshirt,S,28,114,1,0,141,0.7,0.01,999.0,Overstocked,1099,154959,65001.0,False,2024-11-30
TSS-0143,Original Art,Sweatshirt,M,61,137,2,0,196,1.0,0.02,999.0,Overstocked,1099,215404,90356.0,False,2024-11-30
TSS-0143,Original Art,Sweatshirt,L,54,66,2,0,118,1.7,0.02,999.0,Overstocked,1099,129682,54398.0,False,2024-11-30
TSS-0143,Original Art,Sweatshirt,XL,24,129,1,0,152,0.7,0.01,999.0,Overstocked,1099,167048,70072.0,False,2024-11-30
TSS-0143,Original Art,Sweatshirt,XXL,13,46,1,0,58,1.7,0.01,999.0,Overstocked,1099,63742,26738.0,False,2024-11-30
TSS-0144,Original Art,Tote Bag,XS,5,0,0,0,5,0.0,0.0,999.0,Low Stock,699,3495,1165.0,False,2024-11-30
TSS-0144,Original Art,Tote Bag,S,26,0,1,0,25,3.8,0.02,999.0,Normal,699,17475,5825.0,False,2024-11-30
TSS-0144,Original Art,Tote Bag,M,52,33,2,0,83,2.4,0.03,999.0,Overstocked,699,58017,19339.0,False,2024-11-30
TSS-0144,Original Art,Tote Bag,L,43,32,2,0,73,2.7,0.03,999.0,Overstocked,699,51027,17009.0,False,2024-11-30
TSS-0144,Original Art,Tote Bag,XL,28,0,2,0,26,7.1,0.03,866.7,Normal,699,18174,6058.0,False,2024-11-30
TSS-0144,Original Art,Tote Bag,XXL,12,11,0,0,23,0.0,0.0,999.0,Normal,699,16077,5359.0,False,2024-11-30
TSS-0145,Original Art,Tote Bag,XS,11,115,0,0,126,0.0,0.0,999.0,Overstocked,599,75474,27342.0,False,2024-11-30
TSS-0145,Original Art,Tote Bag,S,39,46,1,0,84,1.2,0.01,999.0,Overstocked,599,50316,18228.0,False,2024-11-30
TSS-0145,Original Art,Tote Bag,M,79,38,2,0,115,1.7,0.02,999.0,Overstocked,599,68885,24955.0,False,2024-11-30
TSS-0145,Original Art,Tote Bag,L,62,97,1,0,158,0.6,0.01,999.0,Overstocked,599,94642,34286.0,False,2024-11-30
TSS-0145,Original Art,Tote Bag,XL,41,0,1,0,40,2.4,0.01,999.0,Normal,599,23960,8680.0,False,2024-11-30
TSS-0145,Original Art,Tote Bag,XXL,16,0,0,0,16,0.0,0.0,999.0,Normal,599,9584,3472.0,False,2024-11-30
TSS-0146,Original Art,Classic T-Shirt,XS,3,73,0,0,76,0.0,0.0,999.0,Overstocked,599,45524,16720.0,False,2024-11-30
TSS-0146,Original Art,Classic T-Shirt,S,10,0,0,0,10,0.0,0.0,999.0,Normal,599,5990,2200.0,False,2024-11-30
TSS-0146,Original Art,Classic T-Shirt,M,27,0,0,0,27,0.0,0.0,999.0,Normal,599,16173,5940.0,False,2024-11-30
TSS-0146,Original Art,Classic T-Shirt,L,22,0,0,0,22,0.0,0.0,999.0,Normal,599,13178,4840.0,False,2024-11-30
TSS-0146,Original Art,Classic T-Shirt,XL,11,43,0,0,54,0.0,0.0,999.0,Overstocked,599,32346,11880.0,False,2024-11-30
TSS-0146,Original Art,Classic T-Shirt,XXL,6,59,0,0,65,0.0,0.0,999.0,Overstocked,599,38935,14300.0,False,2024-11-30
TSS-0147,Original Art,Classic T-Shirt,XS,7,43,0,0,50,0.0,0.0,999.0,Normal,899,44950,13550.0,False,2024-11-30
TSS-0147,Original Art,Classic T-Shirt,S,33,49,0,0,82,0.0,0.0,999.0,Overstocked,899,73718,22222.0,False,2024-11-30
TSS-0147,Original Art,Classic T-Shirt,M,45,0,0,0,45,0.0,0.0,999.0,Normal,899,40455,12195.0,False,2024-11-30
TSS-0147,Original Art,Classic T-Shirt,L,57,116,0,0,173,0.0,0.0,999.0,Overstocked,899,155527,46883.0,False,2024-11-30
TSS-0147,Original Art,Classic T-Shirt,XL,32,113,0,0,145,0.0,0.0,999.0,Overstocked,899,130355,39295.0,False,2024-11-30
TSS-0147,Original Art,Classic T-Shirt,XXL,11,0,0,0,11,0.0,0.0,999.0,Normal,899,9889,2981.0,False,2024-11-30
TSS-0148,Original Art,Oversized T-Shirt,XS,9,56,0,0,65,0.0,0.0,999.0,Overstocked,699,45435,13975.0,False,2024-11-30
TSS-0148,Original Art,Oversized T-Shirt,S,30,0,1,0,29,3.3,0.0,999.0,Normal,699,20271,6235.0,False,2024-11-30
TSS-0148,Original Art,Oversized T-Shirt,M,66,80,1,0,145,0.7,0.0,999.0,Overstocked,699,101355,31175.0,False,2024-11-30
TSS-0148,Original Art,Oversized T-Shirt,L,46,133,1,0,178,0.6,0.0,999.0,Overstocked,699,124422,38270.0,False,2024-11-30
TSS-0148,Original Art,Oversized T-Shirt,XL,34,9,1,0,42,2.3,0.0,999.0,Normal,699,29358,9030.0,False,2024-11-30
TSS-0148,Original Art,Oversized T-Shirt,XXL,12,56,0,0,68,0.0,0.0,999.0,Overstocked,699,47532,14620.0,False,2024-11-30
TSS-0149,Original Art,Oversized T-Shirt,XS,5,127,0,0,132,0.0,0.0,999.0,Overstocked,799,105468,37224.0,False,2024-11-30
TSS-0149,Original Art,Oversized T-Shirt,S,26,54,0,0,80,0.0,0.0,999.0,Overstocked,799,63920,22560.0,False,2024-11-30
TSS-0149,Original Art,Oversized T-Shirt,M,47,0,0,0,47,0.0,0.0,999.0,Normal,799,37553,13254.0,False,2024-11-30
TSS-0149,Original Art,Oversized T-Shirt,L,39,0,1,0,38,2.6,0.01,999.0,Normal,799,30362,10716.0,False,2024-11-30
TSS-0149,Original Art,Oversized T-Shirt,XL,24,46,0,0,70,0.0,0.0,999.0,Overstocked,799,55930,19740.0,False,2024-11-30
TSS-0149,Original Art,Oversized T-Shirt,XXL,12,125,0,0,137,0.0,0.0,999.0,Overstocked,799,109463,38634.0,False,2024-11-30
TSS-0150,Original Art,Hoodie,XS,8,24,0,0,32,0.0,0.0,999.0,Normal,1699,54368,18400.0,False,2024-11-30
TSS-0150,Original Art,Hoodie,S,38,107,1,0,144,0.7,0.01,999.0,Overstocked,1699,244656,82800.0,False,2024-11-30
TSS-0150,Original Art,Hoodie,M,70,0,1,0,69,1.4,0.01,999.0,Overstocked,1699,117231,39675.0,False,2024-11-30
TSS-0150,Original Art,Hoodie,L,52,32,2,0,82,2.4,0.01,999.0,Overstocked,1699,139318,47150.0,False,2024-11-30
TSS-0150,Original Art,Hoodie,XL,39,105,1,0,143,0.7,0.01,999.0,Overstocked,1699,242957,82225.0,False,2024-11-30
TSS-0150,Original Art,Hoodie,XXL,14,0,0,0,14,0.0,0.0,999.0,Normal,1699,23786,8050.0,False,2024-11-30
